,Slinks,Total lpGBT of Slinks,LpGBT Id,LpGBT Rate,link variable,total rate,FPGA,Total lpGBT of FPGA,Total Rate of FPGA,Event-Buffer
0,1,8,49,119.8472,Single,800.6130499999999,15,99,9604.833169999998,51.0
1,1,8,72,211.6275,Single,800.6130499999999,15,99,9604.833169999998,51.0
2,1,8,313,101.2986,Single,800.6130499999999,15,99,9604.833169999998,51.0
3,1,8,1111,92.62469999999999,Single,800.6130499999999,15,99,9604.833169999998,51.0
4,1,8,1290,72.91685,Single,800.6130499999999,15,99,9604.833169999998,51.0
5,1,8,623,47.7543,Single,800.6130499999999,15,99,9604.833169999998,51.0
6,1,8,822,154.5439,Double,800.6130499999999,15,99,9604.833169999998,51.0
0,2,8,242,120.31110000000001,Single,800.1775399999999,12,97,9606.32338,50.0
1,2,8,1293,85.0109,Single,800.1775399999999,12,97,9606.32338,50.0
2,2,8,1265,65.7271,Single,800.1775399999999,12,97,9606.32338,50.0
3,2,8,1238,83.0237,Single,800.1775399999999,12,97,9606.32338,50.0
4,2,8,1127,56.13824,Single,800.1775399999999,12,97,9606.32338,50.0
5,2,8,1446,23.6533,Single,800.1775399999999,12,97,9606.32338,50.0
6,2,8,100,366.3132,Double,800.1775399999999,12,97,9606.32338,50.0
0,3,8,114,121.8688,Single,799.6519099999999,3,96,9605.7608,51.0
1,3,8,696,156.4832,Single,799.6519099999999,3,96,9605.7608,51.0
2,3,8,594,208.39139999999998,Single,799.6519099999999,3,96,9605.7608,51.0
3,3,8,1221,72.94156,Single,799.6519099999999,3,96,9605.7608,51.0
4,3,8,672,78.8171,Single,799.6519099999999,3,96,9605.7608,51.0
5,3,8,952,79.38565000000001,Single,799.6519099999999,3,96,9605.7608,51.0
6,3,8,1477,27.7127,Single,799.6519099999999,3,96,9605.7608,51.0
7,3,8,659,54.0515,Single,799.6519099999999,3,96,9605.7608,51.0
0,4,9,90,139.02839999999998,Single,800.8752000000001,11,92,9604.11439,50.0
1,4,9,1225,82.4779,Single,800.8752000000001,11,92,9604.11439,50.0
2,4,9,453,89.8592,Single,800.8752000000001,11,92,9604.11439,50.0
3,4,9,1114,17.2101,Single,800.8752000000001,11,92,9604.11439,50.0
4,4,9,1457,23.4272,Single,800.8752000000001,11,92,9604.11439,50.0
5,4,9,531,58.2883,Single,800.8752000000001,11,92,9604.11439,50.0
6,4,9,731,42.9151,Single,800.8752000000001,11,92,9604.11439,50.0
7,4,9,374,347.669,Double,800.8752000000001,11,92,9604.11439,50.0
0,5,8,115,121.8416,Single,800.6839200000001,15,99,9604.833169999998,51.0
1,5,8,141,154.6888,Single,800.6839200000001,15,99,9604.833169999998,51.0
2,5,8,356,210.23329999999999,Single,800.6839200000001,15,99,9604.833169999998,51.0
3,5,8,611,80.54759999999999,Single,800.6839200000001,15,99,9604.833169999998,51.0
4,5,8,743,91.08482,Single,800.6839200000001,15,99,9604.833169999998,51.0
5,5,8,972,65.8061,Single,800.6839200000001,15,99,9604.833169999998,51.0
6,5,8,1336,48.762,Single,800.6839200000001,15,99,9604.833169999998,51.0
7,5,8,1481,27.7197,Single,800.6839200000001,15,99,9604.833169999998,51.0
0,6,8,23,132.6999,Single,800.0164500000001,13,94,9601.45561,51.0
1,6,8,669,161.3822,Single,800.0164500000001,13,94,9601.45561,51.0
2,6,8,566,198.4031,Single,800.0164500000001,13,94,9601.45561,51.0
3,6,8,1247,80.7346,Single,800.0164500000001,13,94,9601.45561,51.0
4,6,8,137,87.3875,Single,800.0164500000001,13,94,9601.45561,51.0
5,6,8,1001,28.677100000000003,Single,800.0164500000001,13,94,9601.45561,51.0
6,6,8,1110,54.92275,Single,800.0164500000001,13,94,9601.45561,51.0
7,6,8,1036,55.8093,Single,800.0164500000001,13,94,9601.45561,51.0
0,7,8,236,127.03689999999999,Single,800.1809,2,96,9605.436849999998,51.0
1,7,8,668,161.42950000000002,Single,800.1809,2,96,9605.436849999998,51.0
2,7,8,106,198.3324,Single,800.1809,2,96,9605.436849999998,51.0
3,7,8,1237,83.0432,Single,800.1809,2,96,9605.436849999998,51.0
4,7,8,1212,66.2537,Single,800.1809,2,96,9605.436849999998,51.0
5,7,8,737,77.2247,Single,800.1809,2,96,9605.436849999998,51.0
6,7,8,1463,27.9914,Single,800.1809,2,96,9605.436849999998,51.0
7,7,8,1060,58.869099999999996,Single,800.1809,2,96,9605.436849999998,51.0
0,8,8,411,126.5916,Single,800.7106199999998,1,95,9606.25237,50.0
1,8,8,934,162.0539,Single,800.7106199999998,1,95,9606.25237,50.0
2,8,8,104,198.2147,Single,800.7106199999998,1,95,9606.25237,50.0
3,8,8,1283,65.1748,Single,800.7106199999998,1,95,9606.25237,50.0
4,8,8,675,78.73509999999999,Single,800.7106199999998,1,95,9606.25237,50.0
5,8,8,1288,64.92869999999999,Single,800.7106199999998,1,95,9606.25237,50.0
6,8,8,1323,49.6576,Single,800.7106199999998,1,95,9606.25237,50.0
7,8,8,1213,55.35422,Single,800.7106199999998,1,95,9606.25237,50.0
0,9,8,409,126.7459,Single,800.7317499999999,4,94,9607.950949999999,50.0
1,9,8,270,166.03130000000002,Single,800.7317499999999,4,94,9607.950949999999,50.0
2,9,8,446,194.2631,Single,800.7317499999999,4,94,9607.950949999999,50.0
3,9,8,1009,94.1201,Single,800.7317499999999,4,94,9607.950949999999,50.0
4,9,8,678,93.20213999999999,Single,800.7317499999999,4,94,9607.950949999999,50.0
5,9,8,1393,20.3822,Single,800.7317499999999,4,94,9607.950949999999,50.0
6,9,8,1072,43.7312,Single,800.7317499999999,4,94,9607.950949999999,50.0
7,9,8,842,62.25581,Single,800.7317499999999,4,94,9607.950949999999,50.0
0,10,7,439,126.8068,Single,800.4968400000001,3,96,9605.7608,51.0
1,10,7,936,161.87369999999999,Single,800.4968400000001,3,96,9605.7608,51.0
2,10,7,77,198.22500000000002,Single,800.4968400000001,3,96,9605.7608,51.0
3,10,7,1239,91.39433,Single,800.4968400000001,3,96,9605.7608,51.0
4,10,7,1153,77.6778,Single,800.4968400000001,3,96,9605.7608,51.0
5,10,7,460,81.98100000000001,Single,800.4968400000001,3,96,9605.7608,51.0
6,10,7,781,62.53821000000001,Single,800.4968400000001,3,96,9605.7608,51.0
0,11,8,441,126.7075,Single,800.7646,7,97,9607.610690000001,51.0
1,11,8,271,165.8879,Single,800.7646,7,97,9607.610690000001,51.0
2,11,8,760,194.234,Single,800.7646,7,97,9607.610690000001,51.0
3,11,8,59,83.872,Single,800.7646,7,97,9607.610690000001,51.0
4,11,8,1287,85.1966,Single,800.7646,7,97,9607.610690000001,51.0
5,11,8,729,42.8318,Single,800.7646,7,97,9607.610690000001,51.0
6,11,8,889,43.7143,Single,800.7646,7,97,9607.610690000001,51.0
7,11,8,529,58.3205,Single,800.7646,7,97,9607.610690000001,51.0
0,12,9,329,127.5454,Single,800.78525,14,90,9605.89069,50.0
1,12,9,602,161.0692,Single,800.78525,14,90,9605.89069,50.0
2,12,9,564,198.4857,Single,800.78525,14,90,9605.89069,50.0
3,12,9,1046,87.88855,Single,800.78525,14,90,9605.89069,50.0
4,12,9,898,94.56060000000001,Single,800.78525,14,90,9605.89069,50.0
5,12,9,1387,12.2093,Single,800.78525,14,90,9605.89069,50.0
6,12,9,1445,23.643,Single,800.78525,14,90,9605.89069,50.0
7,12,9,620,52.62180000000001,Single,800.78525,14,90,9605.89069,50.0
8,12,9,960,42.761700000000005,Single,800.78525,14,90,9605.89069,50.0
0,13,7,328,127.4609,Single,800.11124,7,97,9607.610690000001,51.0
1,13,7,600,161.2237,Single,800.11124,7,97,9607.610690000001,51.0
2,13,7,76,198.43149999999997,Single,800.11124,7,97,9607.610690000001,51.0
3,13,7,550,98.04629999999999,Single,800.11124,7,97,9607.610690000001,51.0
4,13,7,764,99.6574,Single,800.11124,7,97,9607.610690000001,51.0
5,13,7,1203,55.252039999999994,Single,800.11124,7,97,9607.610690000001,51.0
6,13,7,1160,60.0394,Single,800.11124,7,97,9607.610690000001,51.0
0,14,9,300,127.4675,Single,800.66613,6,96,9606.58655,51.0
1,14,9,177,172.5667,Single,800.66613,6,96,9606.58655,51.0
2,14,9,790,187.08540000000002,Single,800.66613,6,96,9606.58655,51.0
3,14,9,545,82.9013,Single,800.66613,6,96,9606.58655,51.0
4,14,9,139,87.2056,Single,800.66613,6,96,9606.58655,51.0
5,14,9,1354,12.5755,Single,800.66613,6,96,9606.58655,51.0
6,14,9,1430,23.9433,Single,800.66613,6,96,9606.58655,51.0
7,14,9,1326,56.99653,Single,800.66613,6,96,9606.58655,51.0
8,14,9,1257,49.9243,Single,800.66613,6,96,9606.58655,51.0
0,15,8,301,127.5442,Single,800.5096699999999,14,90,9605.89069,50.0
1,15,8,660,179.0817,Single,800.5096699999999,14,90,9605.89069,50.0
2,15,8,506,180.6876,Single,800.5096699999999,14,90,9605.89069,50.0
3,15,8,587,76.2787,Single,800.5096699999999,14,90,9605.89069,50.0
4,15,8,607,100.07140000000001,Single,800.5096699999999,14,90,9605.89069,50.0
5,15,8,1229,33.42487,Single,800.5096699999999,14,90,9605.89069,50.0
6,15,8,1088,47.5933,Single,800.5096699999999,14,90,9605.89069,50.0
7,15,8,1162,55.8279,Single,800.5096699999999,14,90,9605.89069,50.0
0,16,7,123,127.76700000000001,Single,800.7243400000001,12,97,9606.32338,50.0
1,16,7,662,178.9051,Single,800.7243400000001,12,97,9606.32338,50.0
2,16,7,850,180.5709,Single,800.7243400000001,12,97,9606.32338,50.0
3,16,7,680,99.58010000000002,Single,800.7243400000001,12,97,9606.32338,50.0
4,16,7,614,95.24625999999999,Single,800.7243400000001,12,97,9606.32338,50.0
5,16,7,779,60.80618,Single,800.7243400000001,12,97,9606.32338,50.0
6,16,7,1175,57.8488,Single,800.7243400000001,12,97,9606.32338,50.0
0,17,7,366,101.8058,Single,799.0615,13,94,9601.45561,51.0
1,17,7,122,127.8846,Single,799.0615,13,94,9601.45561,51.0
2,17,7,150,164.8545,Single,799.0615,13,94,9601.45561,51.0
3,17,7,534,194.5647,Single,799.0615,13,94,9601.45561,51.0
4,17,7,1167,71.88767,Single,799.0615,13,94,9601.45561,51.0
5,17,7,706,88.51992999999999,Single,799.0615,13,94,9601.45561,51.0
6,17,7,1305,49.5443,Single,799.0615,13,94,9601.45561,51.0
0,18,10,1005,128.1621,Single,800.66833,5,89,9606.963290000002,51.0
1,18,10,905,179.7017,Single,800.66833,5,89,9606.963290000002,51.0
2,18,10,474,179.70170000000002,Single,800.66833,5,89,9606.963290000002,51.0
3,18,10,1056,97.44810000000001,Single,800.66833,5,89,9606.963290000002,51.0
4,18,10,1378,12.189,Single,800.66833,5,89,9606.963290000002,51.0
5,18,10,1385,12.2131,Single,800.66833,5,89,9606.963290000002,51.0
6,18,10,1317,49.2338,Single,800.66833,5,89,9606.963290000002,51.0
7,18,10,717,53.963899999999995,Single,800.66833,5,89,9606.963290000002,51.0
8,18,10,1181,39.66483,Single,800.66833,5,89,9606.963290000002,51.0
9,18,10,1131,48.390100000000004,Single,800.66833,5,89,9606.963290000002,51.0
0,19,9,398,120.26580000000001,Single,800.4729,16,91,9603.77597,50.0
1,19,9,626,213.5566,Single,800.4729,16,91,9603.77597,50.0
2,19,9,715,73.1957,Single,800.4729,16,91,9603.77597,50.0
3,19,9,736,77.2863,Single,800.4729,16,91,9603.77597,50.0
4,19,9,1185,65.3232,Single,800.4729,16,91,9603.77597,50.0
5,19,9,687,47.28980000000001,Single,800.4729,16,91,9603.77597,50.0
6,19,9,1302,49.6185,Single,800.4729,16,91,9603.77597,50.0
7,19,9,977,153.937,Double,800.4729,16,91,9603.77597,50.0
0,20,7,388,118.27369999999999,Single,800.84776,3,96,9605.7608,51.0
1,20,7,792,153.6986,Single,800.84776,3,96,9605.7608,51.0
2,20,7,624,214.11989999999997,Single,800.84776,3,96,9605.7608,51.0
3,20,7,869,96.586,Single,800.84776,3,96,9605.7608,51.0
4,20,7,1240,91.34956000000001,Single,800.84776,3,96,9605.7608,51.0
5,20,7,609,80.6027,Single,800.84776,3,96,9605.7608,51.0
6,20,7,1155,46.2173,Single,800.84776,3,96,9605.7608,51.0
0,21,7,335,120.4824,Single,800.5009,6,96,9606.58655,51.0
1,21,7,793,153.6114,Single,800.5009,6,96,9606.58655,51.0
2,21,7,136,214.637,Single,800.5009,6,96,9606.58655,51.0
3,21,7,865,92.46369999999999,Single,800.5009,6,96,9606.58655,51.0
4,21,7,1090,96.93010000000001,Single,800.5009,6,96,9606.58655,51.0
5,21,7,1248,80.7863,Single,800.5009,6,96,9606.58655,51.0
6,21,7,1270,41.59,Single,800.5009,6,96,9606.58655,51.0
0,22,8,399,120.2766,Single,800.70834,4,94,9607.950949999999,50.0
1,22,8,976,153.60649999999998,Single,800.70834,4,94,9607.950949999999,50.0
2,22,8,138,214.7686,Single,800.70834,4,94,9607.950949999999,50.0
3,22,8,1295,64.9745,Single,800.70834,4,94,9607.950949999999,50.0
4,22,8,429,97.52629999999999,Single,800.70834,4,94,9607.950949999999,50.0
5,22,8,806,73.2219,Single,800.70834,4,94,9607.950949999999,50.0
6,22,8,1410,19.9105,Single,800.70834,4,94,9607.950949999999,50.0
7,22,8,1331,56.42344,Single,800.70834,4,94,9607.950949999999,50.0
0,23,8,339,129.58550000000002,Single,799.9251,15,99,9604.833169999998,51.0
1,23,8,1003,159.0017,Single,799.9251,15,99,9604.833169999998,51.0
2,23,8,658,200.3191,Single,799.9251,15,99,9604.833169999998,51.0
3,23,8,742,91.18451,Single,799.9251,15,99,9604.833169999998,51.0
4,23,8,578,85.0163,Single,799.9251,15,99,9604.833169999998,51.0
5,23,8,1419,24.42,Single,799.9251,15,99,9604.833169999998,51.0
6,23,8,590,50.473699999999994,Single,799.9251,15,99,9604.833169999998,51.0
7,23,8,1079,59.924290000000006,Single,799.9251,15,99,9604.833169999998,51.0
0,24,7,703,101.79149999999998,Single,800.55324,5,89,9606.963290000002,51.0
1,24,7,338,129.76229999999998,Single,800.55324,5,89,9606.963290000002,51.0
2,24,7,476,179.5811,Single,800.55324,5,89,9606.963290000002,51.0
3,24,7,906,179.7316,Single,800.55324,5,89,9606.963290000002,51.0
4,24,7,551,97.8414,Single,800.55324,5,89,9606.963290000002,51.0
5,24,7,999,56.29768000000001,Single,800.55324,5,89,9606.963290000002,51.0
6,24,7,1171,55.54766,Single,800.55324,5,89,9606.963290000002,51.0
0,25,9,178,131.2062,Single,800.7296999999999,7,97,9607.610690000001,51.0
1,25,9,109,181.0358,Single,800.7296999999999,7,97,9607.610690000001,51.0
2,25,9,1123,75.6387,Single,800.7296999999999,7,97,9607.610690000001,51.0
3,25,9,1174,71.9399,Single,800.7296999999999,7,97,9607.610690000001,51.0
4,25,9,480,85.96349999999998,Single,800.7296999999999,7,97,9607.610690000001,51.0
5,25,9,1473,27.7241,Single,800.7296999999999,7,97,9607.610690000001,51.0
6,25,9,1310,49.3043,Single,800.7296999999999,7,97,9607.610690000001,51.0
7,25,9,878,177.91719999999998,Double,800.7296999999999,7,97,9607.610690000001,51.0
0,26,10,180,131.2462,Single,799.74458,16,91,9603.77597,50.0
1,26,10,1100,158.2327,Single,799.74458,16,91,9603.77597,50.0
2,26,10,796,78.0308,Single,799.74458,16,91,9603.77597,50.0
3,26,10,735,99.662,Single,799.74458,16,91,9603.77597,50.0
4,26,10,1374,12.4012,Single,799.74458,16,91,9603.77597,50.0
5,26,10,1351,12.9001,Single,799.74458,16,91,9603.77597,50.0
6,26,10,1209,49.6001,Single,799.74458,16,91,9603.77597,50.0
7,26,10,1113,56.98537999999999,Single,799.74458,16,91,9603.77597,50.0
8,26,10,814,200.6861,Double,799.74458,16,91,9603.77597,50.0
0,27,7,219,130.9426,Single,800.3720999999999,13,94,9601.45561,51.0
1,27,7,151,164.8816,Single,800.3720999999999,13,94,9601.45561,51.0
2,27,7,761,194.41629999999998,Single,800.3720999999999,13,94,9601.45561,51.0
3,27,7,683,71.0506,Single,800.3720999999999,13,94,9601.45561,51.0
4,27,7,1021,79.0925,Single,800.3720999999999,13,94,9601.45561,51.0
5,27,7,428,97.7465,Single,800.3720999999999,13,94,9601.45561,51.0
6,27,7,1189,62.242,Single,800.3720999999999,13,94,9601.45561,51.0
0,28,9,1116,103.2344,Single,800.7816,7,97,9607.610690000001,51.0
1,28,9,181,131.18380000000002,Single,800.7816,7,97,9607.610690000001,51.0
2,28,9,762,158.0183,Single,800.7816,7,97,9607.610690000001,51.0
3,28,9,984,86.0599,Single,800.7816,7,97,9607.610690000001,51.0
4,28,9,1195,95.69649999999999,Single,800.7816,7,97,9607.610690000001,51.0
5,28,9,1363,12.5873,Single,800.7816,7,97,9607.610690000001,51.0
6,28,9,1349,12.9256,Single,800.7816,7,97,9607.610690000001,51.0
7,28,9,812,201.0758,Double,800.7816,7,97,9607.610690000001,51.0
0,29,10,218,131.0647,Single,800.8685,4,94,9607.950949999999,50.0
1,29,10,239,159.0196,Single,800.8685,4,94,9607.950949999999,50.0
2,29,10,200,200.25310000000002,Single,800.8685,4,94,9607.950949999999,50.0
3,29,10,1029,77.69229999999999,Single,800.8685,4,94,9607.950949999999,50.0
4,29,10,644,99.4075,Single,800.8685,4,94,9607.950949999999,50.0
5,29,10,1376,12.2246,Single,800.8685,4,94,9607.950949999999,50.0
6,29,10,1389,20.3743,Single,800.8685,4,94,9607.950949999999,50.0
7,29,10,1443,23.6526,Single,800.8685,4,94,9607.950949999999,50.0
8,29,10,808,52.768,Single,800.8685,4,94,9607.950949999999,50.0
9,29,10,1412,24.4118,Single,800.8685,4,94,9607.950949999999,50.0
0,30,7,179,131.1381,Single,800.633,9,91,9607.23065,50.0
1,30,7,238,158.951,Single,800.633,9,91,9607.23065,50.0
2,30,7,202,200.3193,Single,800.633,9,91,9607.23065,50.0
3,30,7,1141,64.72869999999999,Single,800.633,9,91,9607.23065,50.0
4,30,7,1023,98.408,Single,800.633,9,91,9607.23065,50.0
5,30,7,57,97.23979999999999,Single,800.633,9,91,9607.23065,50.0
6,30,7,1303,49.8481,Single,800.633,9,91,9607.23065,50.0
0,31,8,1048,131.7654,Single,800.8443299999999,1,95,9606.25237,50.0
1,31,8,947,171.1454,Single,800.8443299999999,1,95,9606.25237,50.0
2,31,8,784,187.75260000000003,Single,800.8443299999999,1,95,9606.25237,50.0
3,31,8,998,73.16064,Single,800.8443299999999,1,95,9606.25237,50.0
4,31,8,203,80.836,Single,800.8443299999999,1,95,9606.25237,50.0
5,31,8,1103,87.06268999999999,Single,800.8443299999999,1,95,9606.25237,50.0
6,31,8,1458,23.4386,Single,800.8443299999999,1,95,9606.25237,50.0
7,31,8,601,45.683,Single,800.8443299999999,1,95,9606.25237,50.0
0,32,7,1064,119.2185,Single,800.6766,14,90,9605.89069,50.0
1,32,7,215,152.1855,Single,800.6766,14,90,9605.89069,50.0
2,32,7,530,219.1277,Single,800.6766,14,90,9605.89069,50.0
3,32,7,800,93.6403,Single,800.6766,14,90,9605.89069,50.0
4,32,7,864,92.4788,Single,800.6766,14,90,9605.89069,50.0
5,32,7,991,80.2726,Single,800.6766,14,90,9605.89069,50.0
6,32,7,1074,43.7532,Single,800.6766,14,90,9605.89069,50.0
0,33,7,638,104.067,Single,800.8455499999999,4,94,9607.950949999999,50.0
1,33,7,276,132.19209999999998,Single,800.8455499999999,4,94,9607.950949999999,50.0
2,33,7,47,177.9404,Single,800.8455499999999,4,94,9607.950949999999,50.0
3,33,7,504,180.9158,Single,800.8455499999999,4,94,9607.950949999999,50.0
4,33,7,839,73.3459,Single,800.8455499999999,4,94,9607.950949999999,50.0
5,33,7,1115,73.98245,Single,800.8455499999999,4,94,9607.950949999999,50.0
6,33,7,561,58.4019,Single,800.8455499999999,4,94,9607.950949999999,50.0
0,34,8,277,131.9012,Single,800.76228,1,95,9606.25237,50.0
1,34,8,763,158.0269,Single,800.76228,1,95,9606.25237,50.0
2,34,8,656,200.74779999999998,Single,800.76228,1,95,9606.25237,50.0
3,34,8,1071,67.79069999999999,Single,800.76228,1,95,9606.25237,50.0
4,34,8,1065,89.26520000000001,Single,800.76228,1,95,9606.25237,50.0
5,34,8,1249,64.255,Single,800.76228,1,95,9606.25237,50.0
6,34,8,1278,68.86568,Single,800.76228,1,95,9606.25237,50.0
7,34,8,1403,19.9098,Single,800.76228,1,95,9606.25237,50.0
0,35,8,1047,132.2247,Single,800.3209499999999,8,95,9605.39793,50.0
1,35,8,46,178.10000000000002,Single,800.3209499999999,8,95,9605.39793,50.0
2,35,8,782,188.2935,Single,800.3209499999999,8,95,9605.39793,50.0
3,35,8,518,101.517,Single,800.3209499999999,8,95,9605.39793,50.0
4,35,8,863,84.59405,Single,800.3209499999999,8,95,9605.39793,50.0
5,35,8,421,90.1012,Single,800.3209499999999,8,95,9605.39793,50.0
6,35,8,1360,12.5927,Single,800.3209499999999,8,95,9605.39793,50.0
7,35,8,1341,12.8978,Single,800.3209499999999,8,95,9605.39793,50.0
0,36,7,274,132.1727,Single,800.6623,5,89,9606.963290000002,51.0
1,36,7,84,169.18650000000002,Single,800.6623,5,89,9606.963290000002,51.0
2,36,7,630,189.64530000000002,Single,800.6623,5,89,9606.963290000002,51.0
3,36,7,939,92.59609999999999,Single,800.6623,5,89,9606.963290000002,51.0
4,36,7,422,97.58030000000001,Single,800.6623,5,89,9606.963290000002,51.0
5,36,7,392,95.5428,Single,800.6623,5,89,9606.963290000002,51.0
6,36,7,1425,23.9386,Single,800.6623,5,89,9606.963290000002,51.0
0,37,9,275,132.17940000000002,Single,800.85899,5,89,9606.963290000002,51.0
1,37,9,536,168.90109999999999,Single,800.85899,5,89,9606.963290000002,51.0
2,37,9,628,189.9275,Single,800.85899,5,89,9606.963290000002,51.0
3,37,9,704,80.9778,Single,800.85899,5,89,9606.963290000002,51.0
4,37,9,248,94.681,Single,800.85899,5,89,9606.963290000002,51.0
5,37,9,1487,27.6267,Single,800.85899,5,89,9606.963290000002,51.0
6,37,9,1092,37.61389,Single,800.85899,5,89,9606.963290000002,51.0
7,37,9,1397,20.3676,Single,800.85899,5,89,9606.963290000002,51.0
8,37,9,1256,48.584,Single,800.85899,5,89,9606.963290000002,51.0
0,38,10,21,132.6581,Single,800.87165,3,96,9605.7608,51.0
1,38,10,207,180.58870000000002,Single,800.87165,3,96,9605.7608,51.0
2,38,10,861,84.53665000000001,Single,800.87165,3,96,9605.7608,51.0
3,38,10,610,80.6271,Single,800.87165,3,96,9605.7608,51.0
4,38,10,1207,63.634,Single,800.87165,3,96,9605.7608,51.0
5,38,10,1507,27.4481,Single,800.87165,3,96,9605.7608,51.0
6,38,10,1377,12.2107,Single,800.87165,3,96,9605.7608,51.0
7,38,10,849,41.0039,Single,800.87165,3,96,9605.7608,51.0
8,38,10,876,178.1644,Double,800.87165,3,96,9605.7608,51.0
0,39,8,237,126.9797,Single,800.7973999999999,12,97,9606.32338,50.0
1,39,8,949,177.3086,Single,800.7973999999999,12,97,9606.32338,50.0
2,39,8,479,181.4372,Single,800.7973999999999,12,97,9606.32338,50.0
3,39,8,1172,69.122,Single,800.7973999999999,12,97,9606.32338,50.0
4,39,8,1097,76.0328,Single,800.7973999999999,12,97,9606.32338,50.0
5,39,8,618,72.56219999999999,Single,800.7973999999999,12,97,9606.32338,50.0
6,39,8,1309,49.3051,Single,800.7973999999999,12,97,9606.32338,50.0
7,39,8,1250,48.049800000000005,Single,800.7973999999999,12,97,9606.32338,50.0
0,40,9,22,132.7535,Single,800.4766099999999,2,96,9605.436849999998,51.0
1,40,9,541,172.6008,Single,800.4766099999999,2,96,9605.436849999998,51.0
2,40,9,1246,87.11140999999999,Single,800.4766099999999,2,96,9605.436849999998,51.0
3,40,9,185,91.07990000000001,Single,800.4766099999999,2,96,9605.436849999998,51.0
4,40,9,1109,48.6225,Single,800.4766099999999,2,96,9605.436849999998,51.0
5,40,9,652,54.7242,Single,800.4766099999999,2,96,9605.436849999998,51.0
6,40,9,1499,27.4566,Single,800.4766099999999,2,96,9605.436849999998,51.0
7,40,9,907,186.1277,Double,800.4766099999999,2,96,9605.436849999998,51.0
0,41,8,503,119.00739999999999,Single,800.8315000000001,16,91,9603.77597,50.0
1,41,8,975,153.3594,Single,800.8315000000001,16,91,9603.77597,50.0
2,41,8,528,219.29579999999999,Single,800.8315000000001,16,91,9603.77597,50.0
3,41,8,944,75.01994000000002,Single,800.8315000000001,16,91,9603.77597,50.0
4,41,8,304,101.30770000000001,Single,800.8315000000001,16,91,9603.77597,50.0
5,41,8,1500,27.4533,Single,800.8315000000001,16,91,9603.77597,50.0
6,41,8,919,43.027460000000005,Single,800.8315000000001,16,91,9603.77597,50.0
7,41,8,1166,62.3605,Single,800.8315000000001,16,91,9603.77597,50.0
0,42,8,20,132.8645,Single,800.5557999999999,11,92,9604.11439,50.0
1,42,8,756,177.9468,Single,800.5557999999999,11,92,9604.11439,50.0
2,42,8,848,180.564,Single,800.5557999999999,11,92,9604.11439,50.0
3,42,8,390,95.5751,Single,800.5557999999999,11,92,9604.11439,50.0
4,42,8,1077,63.4393,Single,800.5557999999999,11,92,9604.11439,50.0
5,42,8,1274,65.7755,Single,800.5557999999999,11,92,9604.11439,50.0
6,42,8,1436,23.649,Single,800.5557999999999,11,92,9604.11439,50.0
7,42,8,1268,60.74159999999999,Single,800.5557999999999,11,92,9604.11439,50.0
0,43,8,53,133.7296,Single,800.80676,8,95,9605.39793,50.0
1,43,8,78,159.3039,Single,800.80676,8,95,9605.39793,50.0
2,43,8,752,199.3269,Single,800.80676,8,95,9605.39793,50.0
3,43,8,911,81.63197,Single,800.80676,8,95,9605.39793,50.0
4,43,8,832,95.9385,Single,800.80676,8,95,9605.39793,50.0
5,43,8,1490,27.6198,Single,800.80676,8,95,9605.39793,50.0
6,43,8,1227,48.3506,Single,800.80676,8,95,9605.39793,50.0
7,43,8,1108,54.90549,Single,800.80676,8,95,9605.39793,50.0
0,44,7,51,133.78119999999998,Single,800.5245100000001,5,89,9606.963290000002,51.0
1,44,7,758,177.5816,Single,800.5245100000001,5,89,9606.963290000002,51.0
2,44,7,108,181.0429,Single,800.5245100000001,5,89,9606.963290000002,51.0
3,44,7,495,99.44380000000001,Single,800.5245100000001,5,89,9606.963290000002,51.0
4,44,7,340,91.02380000000001,Single,800.5245100000001,5,89,9606.963290000002,51.0
5,44,7,1330,56.45791,Single,800.5245100000001,5,89,9606.963290000002,51.0
6,44,7,1096,61.19330000000001,Single,800.5245100000001,5,89,9606.963290000002,51.0
0,45,8,52,133.86870000000002,Single,800.01924,1,95,9606.25237,50.0
1,45,8,570,170.17520000000002,Single,800.01924,1,95,9606.25237,50.0
2,45,8,820,188.4326,Single,800.01924,1,95,9606.25237,50.0
3,45,8,886,92.3224,Single,800.01924,1,95,9606.25237,50.0
4,45,8,985,74.06954,Single,800.01924,1,95,9606.25237,50.0
5,45,8,679,93.11600000000001,Single,800.01924,1,95,9606.25237,50.0
6,45,8,1447,23.6367,Single,800.01924,1,95,9606.25237,50.0
7,45,8,1421,24.3981,Single,800.01924,1,95,9606.25237,50.0
0,46,8,50,133.9072,Single,800.7249,15,99,9604.833169999998,51.0
1,46,8,891,188.5,Single,800.7249,15,99,9604.833169999998,51.0
2,46,8,777,74.1909,Single,800.7249,15,99,9604.833169999998,51.0
3,46,8,56,97.2976,Single,800.7249,15,99,9604.833169999998,51.0
4,46,8,58,83.9619,Single,800.7249,15,99,9604.833169999998,51.0
5,46,8,755,52.7979,Single,800.7249,15,99,9604.833169999998,51.0
6,46,8,920,170.0694,Double,800.7249,15,99,9604.833169999998,51.0
0,47,8,144,134.1629,Single,800.32335,16,91,9603.77597,50.0
1,47,8,79,159.44010000000003,Single,800.32335,16,91,9603.77597,50.0
2,47,8,754,198.9359,Single,800.32335,16,91,9603.77597,50.0
3,47,8,1230,84.9166,Single,800.32335,16,91,9603.77597,50.0
4,47,8,1263,85.9288,Single,800.32335,16,91,9603.77597,50.0
5,47,8,1429,23.9338,Single,800.32335,16,91,9603.77597,50.0
6,47,8,1038,57.180099999999996,Single,800.32335,16,91,9603.77597,50.0
7,47,8,1164,55.825149999999994,Single,800.32335,16,91,9603.77597,50.0
0,48,8,145,134.1107,Single,800.8306000000001,11,92,9604.11439,50.0
1,48,8,568,170.2679,Single,800.8306000000001,11,92,9604.11439,50.0
2,48,8,206,180.6562,Single,800.8306000000001,11,92,9604.11439,50.0
3,48,8,547,82.78150000000001,Single,800.8306000000001,11,92,9604.11439,50.0
4,48,8,490,101.3874,Single,800.8306000000001,11,92,9604.11439,50.0
5,48,8,622,47.783300000000004,Single,800.8306000000001,11,92,9604.11439,50.0
6,48,8,1124,60.197500000000005,Single,800.8306000000001,11,92,9604.11439,50.0
7,48,8,1438,23.6461,Single,800.8306000000001,11,92,9604.11439,50.0
0,49,7,501,118.958,Single,800.0032199999999,14,90,9605.89069,50.0
1,49,7,909,150.5179,Single,800.0032199999999,14,90,9605.89069,50.0
2,49,7,408,222.559,Single,800.0032199999999,14,90,9605.89069,50.0
3,49,7,1259,66.47430000000001,Single,800.0032199999999,14,90,9605.89069,50.0
4,49,7,740,91.18293999999999,Single,800.0032199999999,14,90,9605.89069,50.0
5,49,7,1053,94.57489999999999,Single,800.0032199999999,14,90,9605.89069,50.0
6,49,7,1150,55.736180000000004,Single,800.0032199999999,14,90,9605.89069,50.0
0,50,10,28,134.7185,Single,800.3105700000001,10,96,9607.177389999999,50.0
1,50,10,821,188.5409,Single,800.3105700000001,10,96,9607.177389999999,50.0
2,50,10,493,77.4153,Single,800.3105700000001,10,96,9607.177389999999,50.0
3,50,10,1282,65.2248,Single,800.3105700000001,10,96,9607.177389999999,50.0
4,50,10,1400,19.9139,Single,800.3105700000001,10,96,9607.177389999999,50.0
5,50,10,1483,27.7104,Single,800.3105700000001,10,96,9607.177389999999,50.0
6,50,10,1220,55.118640000000006,Single,800.3105700000001,10,96,9607.177389999999,50.0
7,50,10,874,61.902429999999995,Single,800.3105700000001,10,96,9607.177389999999,50.0
8,50,10,922,169.7657,Double,800.3105700000001,10,96,9607.177389999999,50.0
0,51,8,29,134.7113,Single,800.8308000000001,7,97,9607.610690000001,51.0
1,51,8,948,171.2256,Single,800.8308000000001,7,97,9607.610690000001,51.0
2,51,8,791,187.14509999999999,Single,800.8308000000001,7,97,9607.610690000001,51.0
3,51,8,702,101.5189,Single,800.8308000000001,7,97,9607.610690000001,51.0
4,51,8,1170,69.1832,Single,800.8308000000001,7,97,9607.610690000001,51.0
5,51,8,1471,27.9777,Single,800.8308000000001,7,97,9607.610690000001,51.0
6,51,8,1300,53.2381,Single,800.8308000000001,7,97,9607.610690000001,51.0
7,51,8,1215,55.8309,Single,800.8308000000001,7,97,9607.610690000001,51.0
0,52,8,471,118.7039,Single,800.1322999999999,15,99,9604.833169999998,51.0
1,52,8,25,150.8759,Single,800.1322999999999,15,99,9604.833169999998,51.0
2,52,8,562,223.7453,Single,800.1322999999999,15,99,9604.833169999998,51.0
3,52,8,1159,75.96640000000001,Single,800.1322999999999,15,99,9604.833169999998,51.0
4,52,8,797,77.9747,Single,800.1322999999999,15,99,9604.833169999998,51.0
5,52,8,971,84.6689,Single,800.1322999999999,15,99,9604.833169999998,51.0
6,52,8,1275,48.2792,Single,800.1322999999999,15,99,9604.833169999998,51.0
7,52,8,1406,19.918,Single,800.1322999999999,15,99,9604.833169999998,51.0
0,53,7,473,118.6237,Single,800.16738,2,96,9605.436849999998,51.0
1,53,7,1158,72.30969999999999,Single,800.16738,2,96,9605.436849999998,51.0
2,53,7,1066,89.08778,Single,800.16738,2,96,9605.436849999998,51.0
3,53,7,184,91.0682,Single,800.16738,2,96,9605.436849999998,51.0
4,53,7,691,54.3436,Single,800.16738,2,96,9605.436849999998,51.0
5,53,7,198,374.7344,Double,800.16738,2,96,9605.436849999998,51.0
0,54,7,938,118.81249999999999,Single,800.4296,11,92,9604.11439,50.0
1,54,7,214,152.13610000000003,Single,800.4296,11,92,9604.11439,50.0
2,54,7,410,222.47500000000002,Single,800.4296,11,92,9604.11439,50.0
3,54,7,1200,62.6494,Single,800.4296,11,92,9604.11439,50.0
4,54,7,423,97.6776,Single,800.4296,11,92,9604.11439,50.0
5,54,7,583,97.9649,Single,800.4296,11,92,9604.11439,50.0
6,54,7,1334,48.7141,Single,800.4296,11,92,9604.11439,50.0
0,55,7,553,104.79920000000001,Single,800.2687900000001,12,97,9606.32338,50.0
1,55,7,608,80.6747,Single,800.2687900000001,12,97,9606.32338,50.0
2,55,7,670,97.67488999999999,Single,800.2687900000001,12,97,9606.32338,50.0
3,55,7,120,96.3442,Single,800.2687900000001,12,97,9606.32338,50.0
4,55,7,1098,45.6681,Single,800.2687900000001,12,97,9606.32338,50.0
5,55,7,196,375.1077,Double,800.2687900000001,12,97,9606.32338,50.0
0,56,7,368,116.4988,Single,800.63657,8,95,9605.39793,50.0
1,56,7,24,150.86069999999998,Single,800.63657,8,95,9605.39793,50.0
2,56,7,560,224.16449999999998,Single,800.63657,8,95,9605.39793,50.0
3,56,7,995,81.48919999999998,Single,800.63657,8,95,9605.39793,50.0
4,56,7,768,87.00023,Single,800.63657,8,95,9605.39793,50.0
5,56,7,968,96.35234,Single,800.63657,8,95,9605.39793,50.0
6,56,7,697,44.2708,Single,800.63657,8,95,9605.39793,50.0
0,57,8,210,135.79410000000001,Single,800.60962,6,96,9606.58655,51.0
1,57,8,85,169.1878,Single,800.60962,6,96,9606.58655,51.0
2,57,8,890,188.6264,Single,800.60962,6,96,9606.58655,51.0
3,57,8,1284,73.09441000000001,Single,800.60962,6,96,9606.58655,51.0
4,57,8,485,101.31269999999999,Single,800.60962,6,96,9606.58655,51.0
5,57,8,1493,27.6237,Single,800.60962,6,96,9606.58655,51.0
6,57,8,1126,56.16231,Single,800.60962,6,96,9606.58655,51.0
7,57,8,1325,48.8082,Single,800.60962,6,96,9606.58655,51.0
0,58,7,964,135.855,Single,800.8006999999999,10,96,9607.177389999999,50.0
1,58,7,75,87.2257,Single,800.8006999999999,10,96,9607.177389999999,50.0
2,58,7,708,97.1623,Single,800.8006999999999,10,96,9607.177389999999,50.0
3,58,7,1178,64.2833,Single,800.8006999999999,10,96,9607.177389999999,50.0
4,58,7,563,58.4605,Single,800.8006999999999,10,96,9607.177389999999,50.0
5,58,7,166,357.8139,Double,800.8006999999999,10,96,9607.177389999999,50.0
0,59,8,213,135.43720000000002,Single,800.7882999999999,3,96,9605.7608,51.0
1,59,8,176,172.62390000000002,Single,800.7882999999999,3,96,9605.7608,51.0
2,59,8,596,185.6297,Single,800.7882999999999,3,96,9605.7608,51.0
3,59,8,942,87.91250000000001,Single,800.7882999999999,3,96,9605.7608,51.0
4,59,8,641,82.6902,Single,800.7882999999999,3,96,9605.7608,51.0
5,59,8,415,53.5499,Single,800.7882999999999,3,96,9605.7608,51.0
6,59,8,1452,23.4278,Single,800.7882999999999,3,96,9605.7608,51.0
7,59,8,1206,59.5171,Single,800.7882999999999,3,96,9605.7608,51.0
0,60,9,211,135.4799,Single,800.7434199999999,15,99,9604.833169999998,51.0
1,60,9,540,172.6916,Single,800.7434199999999,15,99,9604.833169999998,51.0
2,60,9,598,185.5583,Single,800.7434199999999,15,99,9604.833169999998,51.0
3,60,9,647,99.4091,Single,800.7434199999999,15,99,9604.833169999998,51.0
4,60,9,1272,69.49162000000001,Single,800.7434199999999,15,99,9604.833169999998,51.0
5,60,9,1345,12.9169,Single,800.7434199999999,15,99,9604.833169999998,51.0
6,60,9,1033,52.8935,Single,800.7434199999999,15,99,9604.833169999998,51.0
7,60,9,1352,12.5923,Single,800.7434199999999,15,99,9604.833169999998,51.0
8,60,9,1242,59.7102,Single,800.7434199999999,15,99,9604.833169999998,51.0
0,61,9,212,135.5892,Single,800.74579,2,96,9605.436849999998,51.0
1,61,9,1183,70.2985,Single,800.74579,2,96,9605.436849999998,51.0
2,61,9,1253,70.40759000000001,Single,800.74579,2,96,9605.436849999998,51.0
3,61,9,1128,63.1898,Single,800.74579,2,96,9605.436849999998,51.0
4,61,9,1192,59.7872,Single,800.74579,2,96,9605.436849999998,51.0
5,61,9,1408,19.8935,Single,800.74579,2,96,9605.436849999998,51.0
6,61,9,1455,23.4361,Single,800.74579,2,96,9605.436849999998,51.0
7,61,9,164,358.14390000000003,Double,800.74579,2,96,9605.436849999998,51.0
0,62,9,182,138.2592,Single,800.4132,6,96,9606.58655,51.0
1,62,9,1296,68.70327,Single,800.4132,6,96,9606.58655,51.0
2,62,9,897,76.0798,Single,800.4132,6,96,9606.58655,51.0
3,62,9,933,66.05845000000001,Single,800.4132,6,96,9606.58655,51.0
4,62,9,1173,55.554379999999995,Single,800.4132,6,96,9606.58655,51.0
5,62,9,1381,12.2151,Single,800.4132,6,96,9606.58655,51.0
6,62,9,1466,27.9955,Single,800.4132,6,96,9606.58655,51.0
7,62,9,0,355.5475,Double,800.4132,6,96,9606.58655,51.0
0,63,7,174,138.19819999999999,Single,800.80382,9,91,9607.23065,50.0
1,63,7,1234,78.6681,Single,800.80382,9,91,9607.23065,50.0
2,63,7,828,85.80092,Single,800.80382,9,91,9607.23065,50.0
3,63,7,425,89.95430000000002,Single,800.80382,9,91,9607.23065,50.0
4,63,7,811,52.6726,Single,800.80382,9,91,9607.23065,50.0
5,63,7,288,355.5097,Double,800.80382,9,91,9607.23065,50.0
0,64,8,990,136.1441,Single,800.77101,4,94,9607.950949999999,50.0
1,64,8,572,173.3784,Single,800.77101,4,94,9607.950949999999,50.0
2,64,8,478,181.5367,Single,800.77101,4,94,9607.950949999999,50.0
3,64,8,804,97.8664,Single,800.77101,4,94,9607.950949999999,50.0
4,64,8,107,81.3827,Single,800.77101,4,94,9607.950949999999,50.0
5,64,8,1439,23.6555,Single,800.77101,4,94,9607.950949999999,50.0
6,64,8,959,49.4919,Single,800.77101,4,94,9607.950949999999,50.0
7,64,8,1311,57.31531,Single,800.77101,4,94,9607.950949999999,50.0
0,65,7,1081,136.3683,Single,800.8685700000001,16,91,9603.77597,50.0
1,65,7,724,173.66500000000002,Single,800.8685700000001,16,91,9603.77597,50.0
2,65,7,509,181.8423,Single,800.8685700000001,16,91,9603.77597,50.0
3,65,7,640,82.7116,Single,800.8685700000001,16,91,9603.77597,50.0
4,65,7,925,93.18900000000001,Single,800.8685700000001,16,91,9603.77597,50.0
5,65,7,677,92.99828,Single,800.8685700000001,16,91,9603.77597,50.0
6,65,7,1041,40.09409,Single,800.8685700000001,16,91,9603.77597,50.0
0,66,8,118,138.4171,Single,800.6027,11,92,9604.11439,50.0
1,66,8,726,173.44490000000002,Single,800.6027,11,92,9604.11439,50.0
2,66,8,508,182.0448,Single,800.6027,11,92,9604.11439,50.0
3,66,8,549,97.88589999999999,Single,800.6027,11,92,9604.11439,50.0
4,66,8,771,97.3962,Single,800.6027,11,92,9604.11439,50.0
5,66,8,1139,60.52159999999999,Single,800.6027,11,92,9604.11439,50.0
6,66,8,1448,23.4409,Single,800.6027,11,92,9604.11439,50.0
7,66,8,1501,27.4513,Single,800.6027,11,92,9604.11439,50.0
0,67,8,1032,138.4708,Single,800.71348,8,95,9605.39793,50.0
1,67,8,1117,72.4962,Single,800.71348,8,95,9605.39793,50.0
2,67,8,1165,64.7525,Single,800.71348,8,95,9605.39793,50.0
3,67,8,941,84.3194,Single,800.71348,8,95,9605.39793,50.0
4,67,8,1469,27.9763,Single,800.71348,8,95,9605.39793,50.0
5,67,8,1312,57.26198,Single,800.71348,8,95,9605.39793,50.0
6,67,8,2,355.4363,Double,800.71348,8,95,9605.39793,50.0
0,68,7,119,138.3642,Single,800.7851999999999,14,90,9605.89069,50.0
1,68,7,634,162.43529999999998,Single,800.7851999999999,14,90,9605.89069,50.0
2,68,7,444,195.20010000000002,Single,800.7851999999999,14,90,9605.89069,50.0
3,68,7,517,101.4553,Single,800.7851999999999,14,90,9605.89069,50.0
4,68,7,363,93.65299999999999,Single,800.7851999999999,14,90,9605.89069,50.0
5,68,7,710,97.271,Single,800.7851999999999,14,90,9605.89069,50.0
6,68,7,1364,12.4063,Single,800.7851999999999,14,90,9605.89069,50.0
0,69,9,1080,136.477,Single,800.5482,2,96,9605.436849999998,51.0
1,69,9,632,162.6169,Single,800.5482,2,96,9605.436849999998,51.0
2,69,9,142,194.9946,Single,800.5482,2,96,9605.436849999998,51.0
3,69,9,1129,63.1881,Single,800.5482,2,96,9605.436849999998,51.0
4,69,9,651,74.5613,Single,800.5482,2,96,9605.436849999998,51.0
5,69,9,801,93.6119,Single,800.5482,2,96,9605.436849999998,51.0
6,69,9,932,50.324600000000004,Single,800.5482,2,96,9605.436849999998,51.0
7,69,9,1379,12.1976,Single,800.5482,2,96,9605.436849999998,51.0
8,69,9,1357,12.5762,Single,800.5482,2,96,9605.436849999998,51.0
0,70,8,1030,138.1946,Single,800.67016,10,96,9607.177389999999,50.0
1,70,8,880,174.446,Single,800.67016,10,96,9607.177389999999,50.0
2,70,8,853,181.5421,Single,800.67016,10,96,9607.177389999999,50.0
3,70,8,513,85.9653,Single,800.67016,10,96,9607.177389999999,50.0
4,70,8,1057,87.00725999999999,Single,800.67016,10,96,9607.177389999999,50.0
5,70,8,1157,17.2284,Single,800.67016,10,96,9607.177389999999,50.0
6,70,8,593,56.012,Single,800.67016,10,96,9607.177389999999,50.0
7,70,8,1235,60.2745,Single,800.67016,10,96,9607.177389999999,50.0
0,71,9,91,139.09290000000001,Single,799.5867000000001,9,91,9607.23065,50.0
1,71,9,1231,84.95049999999999,Single,799.5867000000001,9,91,9607.23065,50.0
2,71,9,980,90.03130000000002,Single,799.5867000000001,9,91,9607.23065,50.0
3,71,9,1142,48.4387,Single,799.5867000000001,9,91,9607.23065,50.0
4,71,9,1361,12.6002,Single,799.5867000000001,9,91,9607.23065,50.0
5,71,9,1343,12.9046,Single,799.5867000000001,9,91,9607.23065,50.0
6,71,9,627,56.1604,Single,799.5867000000001,9,91,9607.23065,50.0
7,71,9,290,355.4081,Double,799.5867000000001,9,91,9607.23065,50.0
0,72,7,83,136.8476,Single,800.66898,1,95,9606.25237,50.0
1,72,7,16,176.14950000000002,Single,800.66898,1,95,9606.25237,50.0
2,72,7,852,181.44549999999998,Single,800.66898,1,95,9606.25237,50.0
3,72,7,430,81.0768,Single,800.66898,1,95,9606.25237,50.0
4,72,7,965,77.79948,Single,800.66898,1,95,9606.25237,50.0
5,72,7,365,101.64210000000001,Single,800.66898,1,95,9606.25237,50.0
6,72,7,603,45.708,Single,800.66898,1,95,9606.25237,50.0
0,73,10,82,136.9986,Single,800.5003199999999,4,94,9607.950949999999,50.0
1,73,10,700,162.2252,Single,800.5003199999999,4,94,9607.950949999999,50.0
2,73,10,461,81.8057,Single,800.5003199999999,4,94,9607.950949999999,50.0
3,73,10,1223,82.52459999999999,Single,800.5003199999999,4,94,9607.950949999999,50.0
4,73,10,1505,27.4438,Single,800.5003199999999,4,94,9607.950949999999,50.0
5,73,10,843,62.27952,Single,800.5003199999999,4,94,9607.950949999999,50.0
6,73,10,1427,23.9436,Single,800.5003199999999,4,94,9607.950949999999,50.0
7,73,10,1467,27.9811,Single,800.5003199999999,4,94,9607.950949999999,50.0
8,73,10,892,195.29819999999998,Double,800.5003199999999,4,94,9607.950949999999,50.0
0,74,8,175,138.18560000000002,Single,800.6929,5,89,9606.963290000002,51.0
1,74,8,17,176.1,Single,800.6929,5,89,9606.963290000002,51.0
2,74,8,694,183.0266,Single,800.6929,5,89,9606.963290000002,51.0
3,74,8,546,82.9847,Single,800.6929,5,89,9606.963290000002,51.0
4,74,8,997,84.66349999999998,Single,800.6929,5,89,9606.963290000002,51.0
5,74,8,1402,19.8778,Single,800.6929,5,89,9606.963290000002,51.0
6,74,8,1199,61.8595,Single,800.6929,5,89,9606.963290000002,51.0
7,74,8,716,53.9952,Single,800.6929,5,89,9606.963290000002,51.0
0,75,7,533,113.4545,Single,800.71702,13,94,9601.45561,51.0
1,75,7,1313,85.9104,Single,800.71702,13,94,9601.45561,51.0
2,75,7,1232,93.43852,Single,800.71702,13,94,9601.45561,51.0
3,75,7,1196,67.0597,Single,800.71702,13,94,9601.45561,51.0
4,75,7,1028,59.6974,Single,800.71702,13,94,9601.45561,51.0
5,75,7,348,381.1565,Double,800.71702,13,94,9601.45561,51.0
0,76,8,535,113.40289999999999,Single,800.4526,1,95,9606.25237,50.0
1,76,8,1241,77.43950000000001,Single,800.4526,1,95,9606.25237,50.0
2,76,8,105,81.4691,Single,800.4526,1,95,9606.25237,50.0
3,76,8,559,46.3676,Single,800.4526,1,95,9606.25237,50.0
4,76,8,1085,47.5989,Single,800.4526,1,95,9606.25237,50.0
5,76,8,1034,52.9326,Single,800.4526,1,95,9606.25237,50.0
6,76,8,34,381.24199999999996,Double,800.4526,1,95,9606.25237,50.0
0,77,9,172,115.6955,Single,800.2144999999999,12,97,9606.32338,50.0
1,77,9,86,150.4488,Single,800.2144999999999,12,97,9606.32338,50.0
2,77,9,296,228.55699999999996,Single,800.2144999999999,12,97,9606.32338,50.0
3,77,9,555,74.1917,Single,800.2144999999999,12,97,9606.32338,50.0
4,77,9,1130,64.8164,Single,800.2144999999999,12,97,9606.32338,50.0
5,77,9,1122,76.1951,Single,800.2144999999999,12,97,9606.32338,50.0
6,77,9,1465,27.9684,Single,800.2144999999999,12,97,9606.32338,50.0
7,77,9,477,49.961000000000006,Single,800.2144999999999,12,97,9606.32338,50.0
8,77,9,1367,12.3806,Single,800.2144999999999,12,97,9606.32338,50.0
0,78,7,332,103.0669,Single,800.71115,13,94,9601.45561,51.0
1,78,7,709,97.18180000000001,Single,800.71115,13,94,9601.45561,51.0
2,78,7,1260,74.65511,Single,800.71115,13,94,9601.45561,51.0
3,78,7,967,96.43853999999999,Single,800.71115,13,94,9601.45561,51.0
4,78,7,1332,48.3818,Single,800.71115,13,94,9601.45561,51.0
5,78,7,36,380.987,Double,800.71115,13,94,9601.45561,51.0
0,79,8,1031,138.0778,Single,800.51224,7,97,9607.610690000001,51.0
1,79,8,573,173.3066,Single,800.51224,7,97,9607.610690000001,51.0
2,79,8,692,183.36469999999997,Single,800.51224,7,97,9607.610690000001,51.0
3,79,8,613,95.19628,Single,800.51224,7,97,9607.610690000001,51.0
4,79,8,738,79.3269,Single,800.51224,7,97,9607.610690000001,51.0
5,79,8,1475,27.7128,Single,800.51224,7,97,9607.610690000001,51.0
6,79,8,1015,49.453359999999996,Single,800.51224,7,97,9607.610690000001,51.0
7,79,8,657,54.0738,Single,800.51224,7,97,9607.610690000001,51.0
0,80,8,565,113.887,Single,800.6918999999999,11,92,9604.11439,50.0
1,80,8,1186,65.49950000000001,Single,800.6918999999999,11,92,9604.11439,50.0
2,80,8,994,81.5138,Single,800.6918999999999,11,92,9604.11439,50.0
3,80,8,633,45.8345,Single,800.6918999999999,11,92,9604.11439,50.0
4,80,8,1176,61.9728,Single,800.6918999999999,11,92,9604.11439,50.0
5,80,8,785,51.0692,Single,800.6918999999999,11,92,9604.11439,50.0
6,80,8,350,380.9151,Double,800.6918999999999,11,92,9604.11439,50.0
0,81,7,173,115.6707,Single,800.7208999999999,6,96,9606.58655,51.0
1,81,7,87,150.36180000000002,Single,800.7208999999999,6,96,9606.58655,51.0
2,81,7,327,228.602,Single,800.7208999999999,6,96,9606.58655,51.0
3,81,7,1219,63.939099999999996,Single,800.7208999999999,6,96,9606.58655,51.0
4,81,7,860,84.6266,Single,800.7208999999999,6,96,9606.58655,51.0
5,81,7,834,95.81949999999999,Single,800.7208999999999,6,96,9606.58655,51.0
6,81,7,1216,61.70120000000001,Single,800.7208999999999,6,96,9606.58655,51.0
0,82,7,247,137.4574,Single,799.96535,1,95,9606.25237,50.0
1,82,7,961,162.61950000000002,Single,799.96535,1,95,9606.25237,50.0
2,82,7,143,194.89149999999998,Single,799.96535,1,95,9606.25237,50.0
3,82,7,1277,68.91755,Single,799.96535,1,95,9606.25237,50.0
4,82,7,487,85.74650000000001,Single,799.96535,1,95,9606.25237,50.0
5,82,7,899,94.5579,Single,799.96535,1,95,9606.25237,50.0
6,82,7,1037,55.77499999999999,Single,799.96535,1,95,9606.25237,50.0
0,83,10,359,118.3493,Single,800.5880300000001,10,96,9607.177389999999,50.0
1,83,10,440,225.882,Single,800.5880300000001,10,96,9607.177389999999,50.0
2,83,10,1271,69.39323,Single,800.5880300000001,10,96,9607.177389999999,50.0
3,83,10,1112,76.6092,Single,800.5880300000001,10,96,9607.177389999999,50.0
4,83,10,1273,63.762100000000004,Single,800.5880300000001,10,96,9607.177389999999,50.0
5,83,10,1434,23.941999999999997,Single,800.5880300000001,10,96,9607.177389999999,50.0
6,83,10,1422,24.416999999999998,Single,800.5880300000001,10,96,9607.177389999999,50.0
7,83,10,1337,47.4938,Single,800.5880300000001,10,96,9607.177389999999,50.0
8,83,10,856,150.7394,Double,800.5880300000001,10,96,9607.177389999999,50.0
0,84,9,246,137.49689999999998,Single,800.825,9,91,9607.23065,50.0
1,84,9,701,162.1417,Single,800.825,9,91,9607.23065,50.0
2,84,9,442,195.3374,Single,800.825,9,91,9607.23065,50.0
3,84,9,987,73.3783,Single,800.825,9,91,9607.23065,50.0
4,84,9,803,93.615,Single,800.825,9,91,9607.23065,50.0
5,84,9,1498,27.4554,Single,800.825,9,91,9607.23065,50.0
6,84,9,686,47.331,Single,800.825,9,91,9607.23065,50.0
7,84,9,685,51.867000000000004,Single,800.825,9,91,9607.23065,50.0
8,84,9,1386,12.2023,Single,800.825,9,91,9607.23065,50.0
0,85,9,243,120.1801,Single,800.8015800000001,14,90,9605.89069,50.0
1,85,9,438,225.937,Single,800.8015800000001,14,90,9605.89069,50.0
2,85,9,707,88.49709,Single,800.8015800000001,14,90,9605.89069,50.0
3,85,9,1152,99.2019,Single,800.8015800000001,14,90,9605.89069,50.0
4,85,9,1442,23.648000000000003,Single,800.8015800000001,14,90,9605.89069,50.0
5,85,9,1228,39.73129,Single,800.8015800000001,14,90,9605.89069,50.0
6,85,9,1319,52.8883,Single,800.8015800000001,14,90,9605.89069,50.0
7,85,9,854,150.71790000000001,Double,800.8015800000001,14,90,9605.89069,50.0
0,86,8,929,116.88109999999999,Single,800.70893,6,96,9606.58655,51.0
1,86,8,951,79.47566,Single,800.70893,6,96,9606.58655,51.0
2,86,8,1039,94.4503,Single,800.70893,6,96,9606.58655,51.0
3,86,8,1136,33.62777,Single,800.70893,6,96,9606.58655,51.0
4,86,8,1168,48.343,Single,800.70893,6,96,9606.58655,51.0
5,86,8,1306,49.5367,Single,800.70893,6,96,9606.58655,51.0
6,86,8,284,378.3944,Double,800.70893,6,96,9606.58655,51.0
0,87,8,183,137.9587,Single,799.7716799999998,15,99,9604.833169999998,51.0
1,87,8,962,162.7557,Single,799.7716799999998,15,99,9604.833169999998,51.0
2,87,8,532,194.6354,Single,799.7716799999998,15,99,9604.833169999998,51.0
3,87,8,1279,65.2912,Single,799.7716799999998,15,99,9604.833169999998,51.0
4,87,8,1267,73.68408,Single,799.7716799999998,15,99,9604.833169999998,51.0
5,87,8,515,85.7589,Single,799.7716799999998,15,99,9604.833169999998,51.0
6,87,8,1411,19.9093,Single,799.7716799999998,15,99,9604.833169999998,51.0
7,87,8,1193,59.7784,Single,799.7716799999998,15,99,9604.833169999998,51.0
0,88,10,342,114.67269999999999,Single,800.7505400000001,12,97,9606.32338,50.0
1,88,10,730,150.1752,Single,800.7505400000001,12,97,9606.32338,50.0
2,88,10,1073,67.8052,Single,800.7505400000001,12,97,9606.32338,50.0
3,88,10,201,81.0636,Single,800.7505400000001,12,97,9606.32338,50.0
4,88,10,1261,74.47274,Single,800.7505400000001,12,97,9606.32338,50.0
5,88,10,1362,12.5774,Single,800.7505400000001,12,97,9606.32338,50.0
6,88,10,524,57.0576,Single,800.7505400000001,12,97,9606.32338,50.0
7,88,10,1369,12.3748,Single,800.7505400000001,12,97,9606.32338,50.0
8,88,10,816,230.55130000000003,Double,800.7505400000001,12,97,9606.32338,50.0
0,89,8,343,114.72999999999999,Single,800.7884999999999,2,96,9605.436849999998,51.0
1,89,8,80,150.37969999999999,Single,800.7884999999999,2,96,9605.436849999998,51.0
2,89,8,1297,62.946799999999996,Single,800.7884999999999,2,96,9605.436849999998,51.0
3,89,8,1298,97.32469999999999,Single,800.7884999999999,2,96,9605.436849999998,51.0
4,89,8,867,92.3933,Single,800.7884999999999,2,96,9605.436849999998,51.0
5,89,8,621,52.5893,Single,800.7884999999999,2,96,9605.436849999998,51.0
6,89,8,818,230.4247,Double,800.7884999999999,2,96,9605.436849999998,51.0
0,90,7,458,115.48100000000001,Single,800.8679999999999,7,97,9607.610690000001,51.0
1,90,7,711,97.2717,Single,800.8679999999999,7,97,9607.610690000001,51.0
2,90,7,1264,65.7261,Single,800.8679999999999,7,97,9607.610690000001,51.0
3,90,7,833,95.8434,Single,800.8679999999999,7,97,9607.610690000001,51.0
4,90,7,1133,46.6002,Single,800.8679999999999,7,97,9607.610690000001,51.0
5,90,7,6,379.9456,Double,800.8679999999999,7,97,9607.610690000001,51.0
0,91,8,369,116.6223,Single,800.7358999999999,9,91,9607.23065,50.0
1,91,8,81,150.2584,Single,800.7358999999999,9,91,9607.23065,50.0
2,91,8,326,228.8748,Single,800.7358999999999,9,91,9607.23065,50.0
3,91,8,1328,85.6841,Single,800.7358999999999,9,91,9607.23065,50.0
4,91,8,1052,99.5389,Single,800.7358999999999,9,91,9607.23065,50.0
5,91,8,1204,55.24181,Single,800.7358999999999,9,91,9607.23065,50.0
6,91,8,1416,24.3991,Single,800.7358999999999,9,91,9607.23065,50.0
7,91,8,1035,40.11649,Single,800.7358999999999,9,91,9607.23065,50.0
0,92,8,1101,118.5527,Single,800.0134999999999,16,91,9603.77597,50.0
1,92,8,1018,151.18290000000002,Single,800.0134999999999,16,91,9603.77597,50.0
2,92,8,297,228.3437,Single,800.0134999999999,16,91,9603.77597,50.0
3,92,8,544,82.98230000000001,Single,800.0134999999999,16,91,9603.77597,50.0
4,92,8,577,82.9852,Single,800.0134999999999,16,91,9603.77597,50.0
5,92,8,1414,24.3881,Single,800.0134999999999,16,91,9603.77597,50.0
6,92,8,1059,61.1178,Single,800.0134999999999,16,91,9603.77597,50.0
7,92,8,591,50.4608,Single,800.0134999999999,16,91,9603.77597,50.0
0,93,7,389,118.3256,Single,800.10235,5,89,9606.963290000002,51.0
1,93,7,1104,87.06454000000001,Single,800.10235,5,89,9606.963290000002,51.0
2,93,7,769,86.99068000000001,Single,800.10235,5,89,9606.963290000002,51.0
3,93,7,871,70.5751,Single,800.10235,5,89,9606.963290000002,51.0
4,93,7,1327,56.99253,Single,800.10235,5,89,9606.963290000002,51.0
5,93,7,4,380.15389999999996,Double,800.10235,5,89,9606.963290000002,51.0
0,94,9,631,109.86930000000001,Single,800.72842,1,95,9606.25237,50.0
1,94,9,882,95.89250000000001,Single,800.72842,1,95,9606.25237,50.0
2,94,9,910,81.59172,Single,800.72842,1,95,9606.25237,50.0
3,94,9,1409,19.8945,Single,800.72842,1,95,9606.25237,50.0
4,94,9,1269,43.9495,Single,800.72842,1,95,9606.25237,50.0
5,94,9,665,44.146,Single,800.72842,1,95,9606.25237,50.0
6,94,9,1503,27.4491,Single,800.72842,1,95,9606.25237,50.0
7,94,9,286,377.9358,Double,800.72842,1,95,9606.25237,50.0
0,95,8,272,112.7718,Single,800.67688,12,97,9606.32338,50.0
1,95,8,1210,66.1795,Single,800.67688,12,97,9606.32338,50.0
2,95,8,1091,96.9862,Single,800.67688,12,97,9606.32338,50.0
3,95,8,1125,52.532,Single,800.67688,12,97,9606.32338,50.0
4,95,8,1182,33.4505,Single,800.67688,12,97,9606.32338,50.0
5,95,8,1070,54.992979999999996,Single,800.67688,12,97,9606.32338,50.0
6,95,8,316,383.7639,Double,800.67688,12,97,9606.32338,50.0
0,96,7,152,112.36529999999999,Single,799.4706900000001,8,95,9605.39793,50.0
1,96,7,1226,65.0313,Single,799.4706900000001,8,95,9605.39793,50.0
2,96,7,953,98.70120000000001,Single,799.4706900000001,8,95,9605.39793,50.0
3,96,7,576,83.03890000000001,Single,799.4706900000001,8,95,9605.39793,50.0
4,96,7,1137,56.01799,Single,799.4706900000001,8,95,9605.39793,50.0
5,96,7,380,384.31600000000003,Double,799.4706900000001,8,95,9605.39793,50.0
0,97,7,153,112.279,Single,800.1553000000001,3,96,9605.7608,51.0
1,97,7,930,88.015,Single,800.1553000000001,3,96,9605.7608,51.0
2,97,7,787,100.652,Single,800.1553000000001,3,96,9605.7608,51.0
3,97,7,1218,61.6744,Single,800.1553000000001,3,96,9605.7608,51.0
4,97,7,1202,52.88850000000001,Single,800.1553000000001,3,96,9605.7608,51.0
5,97,7,378,384.6464,Double,800.1553000000001,3,96,9605.7608,51.0
0,98,7,567,113.74080000000001,Single,800.59628,10,96,9607.177389999999,50.0
1,98,7,523,78.6206,Single,800.59628,10,96,9607.177389999999,50.0
2,98,7,1291,72.86676,Single,800.59628,10,96,9607.177389999999,50.0
3,98,7,1008,93.98985,Single,800.59628,10,96,9607.177389999999,50.0
4,98,7,945,57.09097,Single,800.59628,10,96,9607.177389999999,50.0
5,98,7,314,384.2873,Double,800.59628,10,96,9607.177389999999,50.0
0,99,7,775,101.7515,Single,800.73294,10,96,9607.177389999999,50.0
1,99,7,396,112.1518,Single,800.73294,10,96,9607.177389999999,50.0
2,99,7,1236,95.888,Single,800.73294,10,96,9607.177389999999,50.0
3,99,7,1006,76.35104,Single,800.73294,10,96,9607.177389999999,50.0
4,99,7,1474,27.7125,Single,800.73294,10,96,9607.177389999999,50.0
5,99,7,222,386.87809999999996,Double,800.73294,10,96,9607.177389999999,50.0
0,100,8,394,112.0621,Single,800.7749999999999,1,95,9606.25237,50.0
1,100,8,1086,80.67699999999999,Single,800.7749999999999,1,95,9606.25237,50.0
2,100,8,1102,66.2738,Single,800.7749999999999,1,95,9606.25237,50.0
3,100,8,450,90.015,Single,800.7749999999999,1,95,9606.25237,50.0
4,100,8,464,52.515899999999995,Single,800.7749999999999,1,95,9606.25237,50.0
5,100,8,1380,12.1951,Single,800.7749999999999,1,95,9606.25237,50.0
6,100,8,220,387.0361,Double,800.7749999999999,1,95,9606.25237,50.0
0,101,7,397,111.8809,Single,800.6253,4,94,9607.950949999999,50.0
1,101,7,299,149.47019999999998,Single,800.6253,4,94,9607.950949999999,50.0
2,101,7,12,240.4057,Single,800.6253,4,94,9607.950949999999,50.0
3,101,7,361,93.77629999999999,Single,800.6253,4,94,9607.950949999999,50.0
4,101,7,393,95.3257,Single,800.6253,4,94,9607.950949999999,50.0
5,101,7,772,97.36710000000001,Single,800.6253,4,94,9607.950949999999,50.0
6,101,7,1373,12.3994,Single,800.6253,4,94,9607.950949999999,50.0
0,102,7,521,110.57300000000001,Single,800.818,9,91,9607.23065,50.0
1,102,7,728,150.0472,Single,800.818,9,91,9607.23065,50.0
2,102,7,13,240.2424,Single,800.818,9,91,9607.23065,50.0
3,102,7,1194,63.915800000000004,Single,800.818,9,91,9607.23065,50.0
4,102,7,935,92.548,Single,800.818,9,91,9607.23065,50.0
5,102,7,1084,92.18610000000001,Single,800.818,9,91,9607.23065,50.0
6,102,7,526,51.305499999999995,Single,800.818,9,91,9607.23065,50.0
0,103,7,1011,102.5005,Single,800.8489999999999,14,90,9605.89069,50.0
1,103,7,402,111.9873,Single,800.8489999999999,14,90,9605.89069,50.0
2,103,7,1214,68.9031,Single,800.8489999999999,14,90,9605.89069,50.0
3,103,7,646,99.51050000000001,Single,800.8489999999999,14,90,9605.89069,50.0
4,103,7,1506,27.4538,Single,800.8489999999999,14,90,9605.89069,50.0
5,103,7,70,390.49379999999996,Double,800.8489999999999,14,90,9605.89069,50.0
0,104,7,395,112.06029999999998,Single,799.8956999999999,16,91,9603.77597,50.0
1,104,7,682,71.17790000000001,Single,799.8956999999999,16,91,9603.77597,50.0
2,104,7,582,98.17649999999999,Single,799.8956999999999,16,91,9603.77597,50.0
3,104,7,744,99.6393,Single,799.8956999999999,16,91,9603.77597,50.0
4,104,7,1464,27.9834,Single,799.8956999999999,16,91,9603.77597,50.0
5,104,7,68,390.85830000000004,Double,799.8956999999999,16,91,9603.77597,50.0
0,105,8,418,111.6915,Single,799.6572600000001,11,92,9604.11439,50.0
1,105,8,770,97.365,Single,799.6572600000001,11,92,9604.11439,50.0
2,105,8,1197,66.9826,Single,799.6572600000001,11,92,9604.11439,50.0
3,105,8,1134,55.844359999999995,Single,799.6572600000001,11,92,9604.11439,50.0
4,105,8,463,58.8946,Single,799.6572600000001,11,92,9604.11439,50.0
5,105,8,1375,12.4002,Single,799.6572600000001,11,92,9604.11439,50.0
6,105,8,258,396.479,Double,799.6572600000001,11,92,9604.11439,50.0
0,106,7,449,111.65169999999999,Single,800.8179,3,96,9605.7608,51.0
1,106,7,580,98.0734,Single,800.8179,3,96,9605.7608,51.0
2,106,7,940,84.39239999999998,Single,800.8179,3,96,9605.7608,51.0
3,106,7,569,47.7405,Single,800.8179,3,96,9605.7608,51.0
4,106,7,1163,62.370900000000006,Single,800.8179,3,96,9605.7608,51.0
5,106,7,256,396.58900000000006,Double,800.8179,3,96,9605.7608,51.0
0,107,10,250,111.6238,Single,800.5982000000001,8,95,9605.39793,50.0
1,107,10,937,148.7713,Single,800.5982000000001,8,95,9605.39793,50.0
2,107,10,827,100.0233,Single,800.5982000000001,8,95,9605.39793,50.0
3,107,10,1054,94.5233,Single,800.5982000000001,8,95,9605.39793,50.0
4,107,10,1418,24.410999999999998,Single,800.5982000000001,8,95,9605.39793,50.0
5,107,10,1390,20.3816,Single,800.5982000000001,8,95,9605.39793,50.0
6,107,10,1441,23.6399,Single,800.5982000000001,8,95,9605.39793,50.0
7,107,10,1495,27.6265,Single,800.5982000000001,8,95,9605.39793,50.0
8,107,10,232,249.59750000000003,Double,800.5982000000001,8,95,9605.39793,50.0
0,108,7,448,111.4942,Single,800.7855999999999,6,96,9606.58655,51.0
1,108,7,789,100.58359999999999,Single,800.7855999999999,6,96,9606.58655,51.0
2,108,7,734,99.5413,Single,800.7855999999999,6,96,9606.58655,51.0
3,108,7,1339,41.3924,Single,800.7855999999999,6,96,9606.58655,51.0
4,108,7,1324,48.7994,Single,800.7855999999999,6,96,9606.58655,51.0
5,108,7,134,398.9747,Double,800.7855999999999,6,96,9606.58655,51.0
0,109,9,419,111.6081,Single,799.4990999999999,13,94,9601.45561,51.0
1,109,9,298,149.4393,Single,799.4990999999999,13,94,9601.45561,51.0
2,109,9,452,89.9996,Single,799.4990999999999,13,94,9601.45561,51.0
3,109,9,1161,72.2715,Single,799.4990999999999,13,94,9601.45561,51.0
4,109,9,1462,27.986,Single,799.4990999999999,13,94,9601.45561,51.0
5,109,9,1107,48.7869,Single,799.4990999999999,13,94,9601.45561,51.0
6,109,9,655,49.8219,Single,799.4990999999999,13,94,9601.45561,51.0
7,109,9,234,249.5858,Double,799.4990999999999,13,94,9601.45561,51.0
0,110,8,459,115.4603,Single,800.8267000000001,12,97,9606.32338,50.0
1,110,8,1254,64.414,Single,800.8267000000001,12,97,9606.32338,50.0
2,110,8,516,101.4423,Single,800.8267000000001,12,97,9606.32338,50.0
3,110,8,401,84.4426,Single,800.8267000000001,12,97,9606.32338,50.0
4,110,8,1382,12.1958,Single,800.8267000000001,12,97,9606.32338,50.0
5,110,8,1450,23.4412,Single,800.8267000000001,12,97,9606.32338,50.0
6,110,8,132,399.4305,Double,800.8267000000001,12,97,9606.32338,50.0
0,111,10,883,111.2986,Single,800.5617,5,89,9606.963290000002,51.0
1,111,10,1016,148.35240000000002,Single,800.5617,5,89,9606.963290000002,51.0
2,111,10,548,97.9481,Single,800.5617,5,89,9606.963290000002,51.0
3,111,10,1280,65.31020000000001,Single,800.5617,5,89,9606.963290000002,51.0
4,111,10,1398,20.377,Single,800.5617,5,89,9606.963290000002,51.0
5,111,10,810,52.68300000000001,Single,800.5617,5,89,9606.963290000002,51.0
6,111,10,1456,23.4491,Single,800.5617,5,89,9606.963290000002,51.0
7,111,10,1460,27.9901,Single,800.5617,5,89,9606.963290000002,51.0
8,111,10,264,253.1532,Double,800.5617,5,89,9606.963290000002,51.0
0,112,7,983,111.61069999999998,Single,800.5726400000001,3,96,9605.7608,51.0
1,112,7,1017,148.30020000000002,Single,800.5726400000001,3,96,9605.7608,51.0
2,112,7,1222,88.80134,Single,800.5726400000001,3,96,9605.7608,51.0
3,112,7,773,97.295,Single,800.5726400000001,3,96,9605.7608,51.0
4,112,7,484,101.39410000000001,Single,800.5726400000001,3,96,9605.7608,51.0
5,112,7,266,253.17130000000003,Double,800.5726400000001,3,96,9605.7608,51.0
0,113,8,309,109.82140000000001,Single,800.5636999999999,12,97,9606.32338,50.0
1,113,8,362,93.8175,Single,800.5636999999999,12,97,9606.32338,50.0
2,113,8,747,72.017,Single,800.5636999999999,12,97,9606.32338,50.0
3,113,8,1388,20.3805,Single,800.5636999999999,12,97,9606.32338,50.0
4,113,8,537,47.54600000000001,Single,800.5636999999999,12,97,9606.32338,50.0
5,113,8,1276,49.716699999999996,Single,800.5636999999999,12,97,9606.32338,50.0
6,113,8,30,407.26460000000003,Double,800.5636999999999,12,97,9606.32338,50.0
0,114,8,884,111.27876,Single,800.68162,4,94,9607.950949999999,50.0
1,114,8,674,78.7827,Single,800.68162,4,94,9607.950949999999,50.0
2,114,8,1027,71.81466,Single,800.68162,4,94,9607.950949999999,50.0
3,114,8,881,96.0729,Single,800.68162,4,94,9607.950949999999,50.0
4,114,8,1366,12.3632,Single,800.68162,4,94,9607.950949999999,50.0
5,114,8,1459,23.4302,Single,800.68162,4,94,9607.950949999999,50.0
6,114,8,32,406.93919999999997,Double,800.68162,4,94,9607.950949999999,50.0
0,115,7,302,110.02420000000001,Single,800.8584000000001,2,96,9605.436849999998,51.0
1,115,7,147,147.0924,Single,800.8584000000001,2,96,9605.436849999998,51.0
2,115,7,42,262.9341,Single,800.8584000000001,2,96,9605.436849999998,51.0
3,115,7,1094,78.4778,Single,800.8584000000001,2,96,9605.436849999998,51.0
4,115,7,1022,98.4748,Single,800.8584000000001,2,96,9605.436849999998,51.0
5,115,7,1121,76.2167,Single,800.8584000000001,2,96,9605.436849999998,51.0
6,115,7,1486,27.6384,Single,800.8584000000001,2,96,9605.436849999998,51.0
0,116,8,520,110.5581,Single,800.5561999999999,8,95,9605.39793,50.0
1,116,8,146,147.2995,Single,800.5561999999999,8,95,9605.39793,50.0
2,116,8,43,262.6971,Single,800.5561999999999,8,95,9605.39793,50.0
3,116,8,746,72.07600000000001,Single,800.5561999999999,8,95,9605.39793,50.0
4,116,8,400,84.66780000000001,Single,800.5561999999999,8,95,9605.39793,50.0
5,116,8,794,97.7872,Single,800.5561999999999,8,95,9605.39793,50.0
6,116,8,1359,12.5811,Single,800.5561999999999,8,95,9605.39793,50.0
7,116,8,1347,12.8894,Single,800.5561999999999,8,95,9605.39793,50.0
0,117,9,303,109.94059999999999,Single,800.1245000000001,13,94,9601.45561,51.0
1,117,9,896,76.0664,Single,800.1245000000001,13,94,9601.45561,51.0
2,117,9,1050,70.68430000000001,Single,800.1245000000001,13,94,9601.45561,51.0
3,117,9,1435,23.949,Single,800.1245000000001,13,94,9601.45561,51.0
4,117,9,1502,27.4513,Single,800.1245000000001,13,94,9601.45561,51.0
5,117,9,1478,27.7235,Single,800.1245000000001,13,94,9601.45561,51.0
6,117,9,445,53.4214,Single,800.1245000000001,13,94,9601.45561,51.0
7,117,9,162,410.88800000000003,Double,800.1245000000001,13,94,9601.45561,51.0
0,118,7,308,109.99190000000002,Single,800.79082,1,95,9606.25237,50.0
1,118,7,1184,70.4303,Single,800.79082,1,95,9606.25237,50.0
2,118,7,360,93.8313,Single,800.79082,1,95,9606.25237,50.0
3,118,7,780,62.57118,Single,800.79082,1,95,9606.25237,50.0
4,118,7,1315,53.09913999999999,Single,800.79082,1,95,9606.25237,50.0
5,118,7,160,410.867,Double,800.79082,1,95,9606.25237,50.0
0,119,8,251,111.6033,Single,800.8254000000001,16,91,9603.77597,50.0
1,119,8,1217,63.9461,Single,800.8254000000001,16,91,9603.77597,50.0
2,119,8,807,73.1751,Single,800.8254000000001,16,91,9603.77597,50.0
3,119,8,1472,27.713,Single,800.8254000000001,16,91,9603.77597,50.0
4,119,8,748,53.2869,Single,800.8254000000001,16,91,9603.77597,50.0
5,119,8,525,57.0029,Single,800.8254000000001,16,91,9603.77597,50.0
6,119,8,226,414.0981,Double,800.8254000000001,16,91,9603.77597,50.0
0,120,7,629,109.83349999999999,Single,800.7554,10,96,9607.177389999999,50.0
1,120,7,805,97.85650000000001,Single,800.7554,10,96,9607.177389999999,50.0
2,120,7,619,72.4602,Single,800.7554,10,96,9607.177389999999,50.0
3,120,7,522,78.742,Single,800.7554,10,96,9607.177389999999,50.0
4,120,7,1489,27.6185,Single,800.7554,10,96,9607.177389999999,50.0
5,120,7,224,414.2447,Double,800.7554,10,96,9607.177389999999,50.0
0,121,8,403,111.9442,Single,800.84528,10,96,9607.177389999999,50.0
1,121,8,946,65.7054,Single,800.84528,10,96,9607.177389999999,50.0
2,121,8,481,85.9477,Single,800.84528,10,96,9607.177389999999,50.0
3,121,8,1348,12.9106,Single,800.84528,10,96,9607.177389999999,50.0
4,121,8,413,53.6396,Single,800.84528,10,96,9607.177389999999,50.0
5,121,8,1138,56.07278,Single,800.84528,10,96,9607.177389999999,50.0
6,121,8,98,414.62500000000006,Double,800.84528,10,96,9607.177389999999,50.0
0,122,7,427,109.6663,Single,800.80062,5,89,9606.963290000002,51.0
1,122,7,1245,86.96582000000001,Single,800.80062,5,89,9606.963290000002,51.0
2,122,7,957,84.0987,Single,800.80062,5,89,9606.963290000002,51.0
3,122,7,918,49.8647,Single,800.80062,5,89,9606.963290000002,51.0
4,122,7,1040,55.3501,Single,800.80062,5,89,9606.963290000002,51.0
5,122,7,96,414.855,Double,800.80062,5,89,9606.963290000002,51.0
0,123,9,928,107.83891,Single,800.25153,6,96,9606.58655,51.0
1,123,9,111,146.53400000000002,Single,800.25153,6,96,9606.58655,51.0
2,123,9,1252,70.43782,Single,800.25153,6,96,9606.58655,51.0
3,123,9,1147,68.775,Single,800.25153,6,96,9606.58655,51.0
4,123,9,673,78.739,Single,800.25153,6,96,9606.58655,51.0
5,123,9,1484,27.6262,Single,800.25153,6,96,9606.58655,51.0
6,123,9,1482,27.7122,Single,800.25153,6,96,9606.58655,51.0
7,123,9,352,272.5884,Double,800.25153,6,96,9606.58655,51.0
0,124,8,599,109.5124,Single,800.6604,15,99,9604.833169999998,51.0
1,124,8,110,146.54919999999998,Single,800.6604,15,99,9604.833169999998,51.0
2,124,8,249,94.46329999999999,Single,800.6604,15,99,9604.833169999998,51.0
3,124,8,870,70.6238,Single,800.6604,15,99,9604.833169999998,51.0
4,124,8,799,85.49260000000001,Single,800.6604,15,99,9604.833169999998,51.0
5,124,8,1454,23.4352,Single,800.6604,15,99,9604.833169999998,51.0
6,124,8,170,270.58389999999997,Double,800.6604,15,99,9604.833169999998,51.0
0,125,9,488,108.6173,Single,800.7783,3,96,9605.7608,51.0
1,125,9,54,144.5187,Single,800.7783,3,96,9605.7608,51.0
2,125,9,904,81.98060000000001,Single,800.7783,3,96,9605.7608,51.0
3,125,9,1251,72.8963,Single,800.7783,3,96,9605.7608,51.0
4,125,9,1404,19.9125,Single,800.7783,3,96,9605.7608,51.0
5,125,9,718,49.4346,Single,800.7783,3,96,9605.7608,51.0
6,125,9,753,52.7709,Single,800.7783,3,96,9605.7608,51.0
7,125,9,168,270.6474,Double,800.7783,3,96,9605.7608,51.0
0,126,8,489,108.57329999999999,Single,800.68342,7,97,9607.610690000001,51.0
1,126,8,45,145.37369999999999,Single,800.68342,7,97,9607.610690000001,51.0
2,126,8,745,99.58070000000001,Single,800.68342,7,97,9607.610690000001,51.0
3,126,8,958,64.50919999999999,Single,800.68342,7,97,9607.610690000001,51.0
4,126,8,1314,53.04692,Single,800.68342,7,97,9607.610690000001,51.0
5,126,8,595,55.9648,Single,800.68342,7,97,9607.610690000001,51.0
6,126,8,382,273.63480000000004,Double,800.68342,7,97,9607.610690000001,51.0
0,127,8,426,109.5782,Single,800.57065,4,94,9607.950949999999,50.0
1,127,8,988,145.4572,Single,800.57065,4,94,9607.950949999999,50.0
2,127,8,642,90.37017,Single,800.57065,4,94,9607.950949999999,50.0
3,127,8,1294,68.62754,Single,800.57065,4,94,9607.950949999999,50.0
4,127,8,1191,55.47676,Single,800.57065,4,94,9607.950949999999,50.0
5,127,8,1307,57.52738,Single,800.57065,4,94,9607.950949999999,50.0
6,127,8,384,273.5334,Double,800.57065,4,94,9607.950949999999,50.0
0,128,8,333,102.8258,Single,800.8539,16,91,9603.77597,50.0
1,128,8,597,109.49799999999999,Single,800.8539,16,91,9603.77597,50.0
2,128,8,148,147.0916,Single,800.8539,16,91,9603.77597,50.0
3,128,8,370,80.9265,Single,800.8539,16,91,9603.77597,50.0
4,128,8,1488,27.6211,Single,800.8539,16,91,9603.77597,50.0
5,128,8,1140,60.512600000000006,Single,800.8539,16,91,9603.77597,50.0
6,128,8,354,272.3783,Double,800.8539,16,91,9603.77597,50.0
0,129,7,927,107.79359,Single,800.85479,9,91,9607.23065,50.0
1,129,7,579,84.8672,Single,800.85479,9,91,9607.23065,50.0
2,129,7,917,65.5028,Single,800.85479,9,91,9607.23065,50.0
3,129,7,1146,68.66629999999999,Single,800.85479,9,91,9607.23065,50.0
4,129,7,783,51.0509,Single,800.85479,9,91,9607.23065,50.0
5,129,7,320,422.97400000000005,Double,800.85479,9,91,9607.23065,50.0
0,130,8,900,107.77009000000001,Single,800.2024899999998,12,97,9606.32338,50.0
1,130,8,1106,95.77050000000001,Single,800.2024899999998,12,97,9606.32338,50.0
2,130,8,767,79.36529999999999,Single,800.2024899999998,12,97,9606.32338,50.0
3,130,8,1391,20.3675,Single,800.2024899999998,12,97,9606.32338,50.0
4,130,8,1318,49.724599999999995,Single,800.2024899999998,12,97,9606.32338,50.0
5,130,8,1426,23.9322,Single,800.2024899999998,12,97,9606.32338,50.0
6,130,8,318,423.2723,Double,800.2024899999998,12,97,9606.32338,50.0
0,131,7,982,107.3433,Single,800.6504,2,96,9605.436849999998,51.0
1,131,7,341,90.724,Single,800.6504,2,96,9605.436849999998,51.0
2,131,7,1154,64.2868,Single,800.6504,2,96,9605.436849999998,51.0
3,131,7,1095,61.8822,Single,800.6504,2,96,9605.436849999998,51.0
4,131,7,557,51.655,Single,800.6504,2,96,9605.436849999998,51.0
5,131,7,252,424.7591,Double,800.6504,2,96,9605.436849999998,51.0
0,132,7,901,107.76780999999998,Single,799.0987200000001,13,94,9601.45561,51.0
1,132,7,996,84.5865,Single,799.0987200000001,13,94,9601.45561,51.0
2,132,7,514,85.9832,Single,799.0987200000001,13,94,9601.45561,51.0
3,132,7,1335,52.302809999999994,Single,799.0987200000001,13,94,9601.45561,51.0
4,132,7,1338,44.0537,Single,799.0987200000001,13,94,9601.45561,51.0
5,132,7,254,424.40470000000005,Double,799.0987200000001,13,94,9601.45561,51.0
0,133,8,575,107.08109999999999,Single,799.3094000000001,14,90,9605.89069,50.0
1,133,8,979,89.9805,Single,799.3094000000001,14,90,9605.89069,50.0
2,133,8,838,73.4205,Single,799.3094000000001,14,90,9605.89069,50.0
3,133,8,507,50.0605,Single,799.3094000000001,14,90,9605.89069,50.0
4,133,8,1432,23.9378,Single,799.3094000000001,14,90,9605.89069,50.0
5,133,8,1420,24.409000000000002,Single,799.3094000000001,14,90,9605.89069,50.0
6,133,8,188,430.42,Double,799.3094000000001,14,90,9605.89069,50.0
0,134,7,981,107.21670000000002,Single,800.0217,8,95,9605.39793,50.0
1,134,7,858,98.583,Single,800.0217,8,95,9605.39793,50.0
2,134,7,835,95.83439999999999,Single,800.0217,8,95,9605.39793,50.0
3,134,7,1440,23.6595,Single,800.0217,8,95,9605.39793,50.0
4,134,7,1000,44.322100000000006,Single,800.0217,8,95,9605.39793,50.0
5,134,7,190,430.40599999999995,Double,800.0217,8,95,9605.39793,50.0
0,135,7,574,106.9451,Single,799.20381,11,92,9604.11439,50.0
1,135,7,1255,66.4616,Single,799.20381,11,92,9604.11439,50.0
2,135,7,943,88.0192,Single,799.20381,11,92,9604.11439,50.0
3,135,7,966,77.79991,Single,799.20381,11,92,9604.11439,50.0
4,135,7,1424,23.951999999999998,Single,799.20381,11,92,9604.11439,50.0
5,135,7,66,436.02599999999995,Double,799.20381,11,92,9604.11439,50.0
0,136,6,584,106.8335,Single,800.43725,2,96,9605.436849999998,51.0
1,136,6,1051,99.52080000000001,Single,800.43725,2,96,9605.436849999998,51.0
2,136,6,1055,97.3963,Single,800.43725,2,96,9605.436849999998,51.0
3,136,6,841,60.38065,Single,800.43725,2,96,9605.436849999998,51.0
4,136,6,64,436.306,Double,800.43725,2,96,9605.436849999998,51.0
0,137,9,693,106.5575,Single,800.0821999999998,3,96,9605.7608,51.0
1,137,9,44,145.3125,Single,800.0821999999998,3,96,9605.7608,51.0
2,137,9,705,80.8605,Single,800.0821999999998,3,96,9605.7608,51.0
3,137,9,1144,70.0128,Single,800.0821999999998,3,96,9605.7608,51.0
4,137,9,1401,19.9019,Single,800.0821999999998,3,96,9605.7608,51.0
5,137,9,1479,27.7183,Single,800.0821999999998,3,96,9605.7608,51.0
6,137,9,588,55.6755,Single,800.0821999999998,3,96,9605.7608,51.0
7,137,9,468,294.04319999999996,Double,800.0821999999998,3,96,9605.7608,51.0
0,138,9,585,106.8038,Single,800.0269999999998,7,97,9607.610690000001,51.0
1,138,9,989,145.244,Single,800.0269999999998,7,97,9607.610690000001,51.0
2,138,9,1201,62.696600000000004,Single,800.0269999999998,7,97,9607.610690000001,51.0
3,138,9,492,77.5245,Single,800.0269999999998,7,97,9607.610690000001,51.0
4,138,9,1076,77.3915,Single,800.0269999999998,7,97,9607.610690000001,51.0
5,138,9,1372,12.3921,Single,800.0269999999998,7,97,9607.610690000001,51.0
6,138,9,1437,23.6596,Single,800.0269999999998,7,97,9607.610690000001,51.0
7,138,9,466,294.31489999999997,Double,800.0269999999998,7,97,9607.610690000001,51.0
0,139,7,510,106.64569999999999,Single,800.4093,11,92,9604.11439,50.0
1,139,7,650,74.6571,Single,800.4093,11,92,9604.11439,50.0
2,139,7,491,101.2149,Single,800.4093,11,92,9604.11439,50.0
3,139,7,1322,49.0056,Single,800.4093,11,92,9604.11439,50.0
4,139,7,1485,27.6251,Single,800.4093,11,92,9604.11439,50.0
5,139,7,156,441.2609,Double,800.4093,11,92,9604.11439,50.0
0,140,8,455,105.9285,Single,800.836,10,96,9607.177389999999,50.0
1,140,8,280,99.11030000000001,Single,800.836,10,96,9607.177389999999,50.0
2,140,8,1496,27.4548,Single,800.836,10,96,9607.177389999999,50.0
3,140,8,1494,27.6198,Single,800.836,10,96,9607.177389999999,50.0
4,140,8,1321,46.9947,Single,800.836,10,96,9607.177389999999,50.0
5,140,8,721,52.481,Single,800.836,10,96,9607.177389999999,50.0
6,140,8,158,441.2469,Double,800.836,10,96,9607.177389999999,50.0
0,141,8,482,106.587,Single,800.8454999999999,8,95,9605.39793,50.0
1,141,8,149,147.0088,Single,800.8454999999999,8,95,9605.39793,50.0
2,141,8,681,99.5222,Single,800.8454999999999,8,95,9605.39793,50.0
3,141,8,1179,64.308,Single,800.8454999999999,8,95,9605.39793,50.0
4,141,8,1444,23.6561,Single,800.8454999999999,8,95,9605.39793,50.0
5,141,8,1058,61.640699999999995,Single,800.8454999999999,8,95,9605.39793,50.0
6,141,8,498,298.1227,Double,800.8454999999999,8,95,9605.39793,50.0
0,142,10,240,106.3634,Single,800.5077999999999,15,99,9604.833169999998,51.0
1,142,10,55,144.41830000000002,Single,800.5077999999999,15,99,9604.833169999998,51.0
2,142,10,829,85.71390000000001,Single,800.5077999999999,15,99,9604.833169999998,51.0
3,142,10,1087,92.122,Single,800.5077999999999,15,99,9604.833169999998,51.0
4,142,10,1346,12.8947,Single,800.5077999999999,15,99,9604.833169999998,51.0
5,142,10,1344,12.9048,Single,800.5077999999999,15,99,9604.833169999998,51.0
6,142,10,1407,19.9135,Single,800.5077999999999,15,99,9604.833169999998,51.0
7,142,10,1480,27.715999999999998,Single,800.5077999999999,15,99,9604.833169999998,51.0
8,142,10,496,298.4612,Double,800.5077999999999,15,99,9604.833169999998,51.0
0,143,7,695,106.52770000000001,Single,800.5874000000001,5,89,9606.963290000002,51.0
1,143,7,868,96.6714,Single,800.5874000000001,5,89,9606.963290000002,51.0
2,143,7,586,76.4237,Single,800.5874000000001,5,89,9606.963290000002,51.0
3,143,7,1423,24.4139,Single,800.5874000000001,5,89,9606.963290000002,51.0
4,143,7,556,51.6548,Single,800.5874000000001,5,89,9606.963290000002,51.0
5,143,7,92,444.8959,Double,800.5874000000001,5,89,9606.963290000002,51.0
0,144,7,483,106.8046,Single,800.8466,6,96,9606.58655,51.0
1,144,7,1045,63.992599999999996,Single,800.8466,6,96,9606.58655,51.0
2,144,7,931,68.838,Single,800.8466,6,96,9606.58655,51.0
3,144,7,1262,61.3585,Single,800.8466,6,96,9606.58655,51.0
4,144,7,653,54.6844,Single,800.8466,6,96,9606.58655,51.0
5,144,7,94,445.1685,Double,800.8466,6,96,9606.58655,51.0
0,145,9,26,104.99390000000001,Single,800.7020799999999,13,94,9601.45561,51.0
1,145,9,116,144.0229,Single,800.7020799999999,13,94,9601.45561,51.0
2,145,9,1012,83.2995,Single,800.7020799999999,13,94,9601.45561,51.0
3,145,9,643,90.24047999999999,Single,800.7020799999999,13,94,9601.45561,51.0
4,145,9,1384,12.1992,Single,800.7020799999999,13,94,9601.45561,51.0
5,145,9,1067,51.14,Single,800.7020799999999,13,94,9601.45561,51.0
6,145,9,1383,12.2254,Single,800.7020799999999,13,94,9601.45561,51.0
7,145,9,292,302.5807,Double,800.7020799999999,13,94,9601.45561,51.0
0,146,8,1063,144.2953,Single,800.50661,9,91,9607.23065,50.0
1,146,8,798,85.57234,Single,800.50661,9,91,9607.23065,50.0
2,146,8,519,101.2858,Single,800.50661,9,91,9607.23065,50.0
3,146,8,831,85.71936,Single,800.50661,9,91,9607.23065,50.0
4,146,8,1396,20.3621,Single,800.50661,9,91,9607.23065,50.0
5,146,8,778,60.87351000000001,Single,800.50661,9,91,9607.23065,50.0
6,146,8,294,302.39820000000003,Double,800.50661,9,91,9607.23065,50.0
0,147,9,969,104.9403,Single,800.82844,1,95,9606.25237,50.0
1,147,9,15,142.2112,Single,800.82844,1,95,9606.25237,50.0
2,147,9,371,80.6542,Single,800.82844,1,95,9606.25237,50.0
3,147,9,1089,80.67099999999999,Single,800.82844,1,95,9606.25237,50.0
4,147,9,1405,19.8996,Single,800.82844,1,95,9606.25237,50.0
5,147,9,1497,27.447,Single,800.82844,1,95,9606.25237,50.0
6,147,9,1135,39.952239999999996,Single,800.82844,1,95,9606.25237,50.0
7,147,9,322,305.0529,Double,800.82844,1,95,9606.25237,50.0
0,148,8,456,106.0684,Single,800.80827,4,94,9607.950949999999,50.0
1,148,8,117,143.8876,Single,800.80827,4,94,9607.950949999999,50.0
2,148,8,739,79.2184,Single,800.80827,4,94,9607.950949999999,50.0
3,148,8,887,70.0552,Single,800.80827,4,94,9607.950949999999,50.0
4,148,8,699,44.2858,Single,800.80827,4,94,9607.950949999999,50.0
5,148,8,1333,52.35167,Single,800.80827,4,94,9607.950949999999,50.0
6,148,8,324,304.9412,Double,800.80827,4,94,9607.950949999999,50.0
0,149,8,454,105.9863,Single,800.4152,12,97,9606.32338,50.0
1,149,8,1083,82.1375,Single,800.4152,12,97,9606.32338,50.0
2,149,8,486,85.9594,Single,800.4152,12,97,9606.32338,50.0
3,149,8,1461,27.9792,Single,800.4152,12,97,9606.32338,50.0
4,149,8,1392,20.375999999999998,Single,800.4152,12,97,9606.32338,50.0
5,149,8,1468,27.9858,Single,800.4152,12,97,9606.32338,50.0
6,149,8,130,449.991,Double,800.4152,12,97,9606.32338,50.0
0,150,7,241,106.2282,Single,799.4807,16,91,9603.77597,50.0
1,150,7,776,74.2319,Single,799.4807,16,91,9603.77597,50.0
2,150,7,992,87.6832,Single,799.4807,16,91,9603.77597,50.0
3,150,7,749,53.229600000000005,Single,799.4807,16,91,9603.77597,50.0
4,150,7,1470,27.9728,Single,799.4807,16,91,9603.77597,50.0
5,150,7,128,450.13500000000005,Double,799.4807,16,91,9603.77597,50.0
0,151,7,457,105.8179,Single,800.563,14,90,9605.89069,50.0
1,151,7,154,141.4976,Single,800.563,14,90,9605.89069,50.0
2,151,7,615,95.21784000000001,Single,800.563,14,90,9605.89069,50.0
3,151,7,993,87.72030000000001,Single,800.563,14,90,9605.89069,50.0
4,151,7,1190,55.456559999999996,Single,800.563,14,90,9605.89069,50.0
5,151,7,406,314.8528,Double,800.563,14,90,9605.89069,50.0
0,152,8,955,105.7606,Single,800.8472,10,96,9607.177389999999,50.0
1,152,8,204,142.5013,Single,800.8472,10,96,9607.177389999999,50.0
2,152,8,1020,79.0464,Single,800.8472,10,96,9607.177389999999,50.0
3,152,8,424,90.1326,Single,800.8472,10,96,9607.177389999999,50.0
4,152,8,1301,47.6289,Single,800.8472,10,96,9607.177389999999,50.0
5,152,8,1399,20.3781,Single,800.8472,10,96,9607.177389999999,50.0
6,152,8,404,315.3993,Double,800.8472,10,96,9607.177389999999,50.0
0,153,7,27,105.0616,Single,799.6247999999998,2,96,9605.436849999998,51.0
1,153,7,950,143.2857,Single,799.6247999999998,2,96,9605.436849999998,51.0
2,153,7,512,86.01830000000001,Single,799.6247999999998,2,96,9605.436849999998,51.0
3,153,7,1308,86.1518,Single,799.6247999999998,2,96,9605.436849999998,51.0
4,153,7,1292,59.84570000000001,Single,799.6247999999998,2,96,9605.436849999998,51.0
5,153,7,434,319.26169999999996,Double,799.6247999999998,2,96,9605.436849999998,51.0
0,154,8,663,106.193,Single,800.6467000000001,3,96,9605.7608,51.0
1,154,8,433,98.42100000000002,Single,800.6467000000001,3,96,9605.7608,51.0
2,154,8,1449,23.4429,Single,800.6467000000001,3,96,9605.7608,51.0
3,154,8,558,46.4352,Single,800.6467000000001,3,96,9605.7608,51.0
4,154,8,1394,20.3861,Single,800.6467000000001,3,96,9605.7608,51.0
5,154,8,667,44.1745,Single,800.6467000000001,3,96,9605.7608,51.0
6,154,8,194,461.59400000000005,Double,800.6467000000001,3,96,9605.7608,51.0
0,155,7,661,106.2782,Single,799.50331,6,96,9606.58655,51.0
1,155,7,581,97.9682,Single,799.50331,6,96,9606.58655,51.0
2,155,7,1431,23.9427,Single,799.50331,6,96,9606.58655,51.0
3,155,7,809,52.74040000000001,Single,799.50331,6,96,9606.58655,51.0
4,155,7,986,56.659710000000004,Single,799.50331,6,96,9606.58655,51.0
5,155,7,192,461.9141,Double,799.50331,6,96,9606.58655,51.0
0,156,7,358,118.447,Single,800.81422,7,97,9607.610690000001,51.0
1,156,7,14,142.4875,Single,800.81422,7,97,9607.610690000001,51.0
2,156,7,954,98.69172999999999,Single,800.81422,7,97,9607.610690000001,51.0
3,156,7,840,60.438689999999994,Single,800.81422,7,97,9607.610690000001,51.0
4,156,7,1177,61.9567,Single,800.81422,7,97,9607.610690000001,51.0
5,156,7,436,318.7926,Double,800.81422,7,97,9607.610690000001,51.0
0,157,7,970,105.05099999999999,Single,800.0017699999999,4,94,9607.950949999999,50.0
1,157,7,554,74.3822,Single,800.0017699999999,4,94,9607.950949999999,50.0
2,157,7,714,73.2973,Single,800.0017699999999,4,94,9607.950949999999,50.0
3,157,7,1415,24.427,Single,800.0017699999999,4,94,9607.950949999999,50.0
4,157,7,1211,55.32687,Single,800.0017699999999,4,94,9607.950949999999,50.0
5,157,7,62,467.51739999999995,Double,800.0017699999999,4,94,9607.950949999999,50.0
0,158,7,552,104.86320000000002,Single,800.86328,9,91,9607.23065,50.0
1,158,7,1026,89.37556,Single,800.86328,9,91,9607.23065,50.0
2,158,7,1453,23.4337,Single,800.86328,9,91,9607.23065,50.0
3,158,7,1299,53.32712,Single,800.86328,9,91,9607.23065,50.0
4,158,7,1188,62.227900000000005,Single,800.86328,9,91,9607.23065,50.0
5,158,7,60,467.6358,Double,800.86328,9,91,9607.23065,50.0
0,159,8,774,101.75710000000001,Single,799.70629,1,95,9606.25237,50.0
1,159,8,915,104.75259,Single,799.70629,1,95,9606.25237,50.0
2,159,8,1061,142.0412,Single,799.70629,1,95,9606.25237,50.0
3,159,8,432,98.5403,Single,799.70629,1,95,9606.25237,50.0
4,159,8,1350,12.8867,Single,799.70629,1,95,9606.25237,50.0
5,159,8,1340,12.9137,Single,799.70629,1,95,9606.25237,50.0
6,159,8,8,326.8147,Double,799.70629,1,95,9606.25237,50.0
0,160,7,956,105.6527,Single,800.0513000000001,3,96,9605.7608,51.0
1,160,7,205,142.5941,Single,800.0513000000001,3,96,9605.7608,51.0
2,160,7,494,99.54090000000001,Single,800.0513000000001,3,96,9605.7608,51.0
3,160,7,305,101.0532,Single,800.0513000000001,3,96,9605.7608,51.0
4,160,7,1413,24.3952,Single,800.0513000000001,3,96,9605.7608,51.0
5,160,7,10,326.8152,Double,800.0513000000001,3,96,9605.7608,51.0
0,161,7,372,104.23060000000001,Single,800.0486000000001,13,94,9601.45561,51.0
1,161,7,278,141.961,Single,800.0486000000001,13,94,9601.45561,51.0
2,161,7,1105,95.7422,Single,800.0486000000001,13,94,9601.45561,51.0
3,161,7,1289,64.92960000000001,Single,800.0486000000001,13,94,9601.45561,51.0
4,161,7,1286,60.3015,Single,800.0486000000001,13,94,9601.45561,51.0
5,161,7,228,332.8837,Double,800.0486000000001,13,94,9601.45561,51.0
0,162,7,914,104.66792,Single,799.62537,16,91,9603.77597,50.0
1,162,7,279,141.9841,Single,799.62537,16,91,9603.77597,50.0
2,162,7,766,79.44829999999999,Single,799.62537,16,91,9603.77597,50.0
3,162,7,830,85.79157000000001,Single,799.62537,16,91,9603.77597,50.0
4,162,7,1068,54.99788,Single,799.62537,16,91,9603.77597,50.0
5,162,7,230,332.7356,Double,799.62537,16,91,9603.77597,50.0
0,163,7,112,140.44320000000002,Single,800.0760500000001,5,89,9606.963290000002,51.0
1,163,7,311,88.4334,Single,800.0760500000001,5,89,9606.963290000002,51.0
2,163,7,676,93.03244,Single,800.0760500000001,5,89,9606.963290000002,51.0
3,163,7,826,100.00659999999999,Single,800.0760500000001,5,89,9606.963290000002,51.0
4,163,7,1093,37.60311,Single,800.0760500000001,5,89,9606.963290000002,51.0
5,163,7,38,340.55730000000005,Double,800.0760500000001,5,89,9606.963290000002,51.0
0,164,7,273,112.7151,Single,800.8208,7,97,9607.610690000001,51.0
1,164,7,155,141.4087,Single,800.8208,7,97,9607.610690000001,51.0
2,164,7,859,98.44229999999999,Single,800.8208,7,97,9607.610690000001,51.0
3,164,7,1044,59.7586,Single,800.8208,7,97,9607.610690000001,51.0
4,164,7,973,49.0847,Single,800.8208,7,97,9607.610690000001,51.0
5,164,7,262,339.41139999999996,Double,800.8208,7,97,9607.610690000001,51.0
0,165,8,216,104.11319999999999,Single,800.1902,9,91,9607.23065,50.0
1,165,8,1062,142.0273,Single,800.1902,9,91,9607.23065,50.0
2,165,8,420,90.0766,Single,800.1902,9,91,9607.23065,50.0
3,165,8,1492,27.6181,Single,800.1902,9,91,9607.23065,50.0
4,165,8,751,48.92600000000001,Single,800.1902,9,91,9607.23065,50.0
5,165,8,1078,47.807900000000004,Single,800.1902,9,91,9607.23065,50.0
6,165,8,260,339.62109999999996,Double,800.1902,9,91,9607.23065,50.0
0,166,7,217,103.9479,Single,800.4775,14,90,9605.89069,50.0
1,166,7,373,104.1889,Single,800.4775,14,90,9605.89069,50.0
2,166,7,113,140.4825,Single,800.4775,14,90,9605.89069,50.0
3,166,7,1120,58.7415,Single,800.4775,14,90,9605.89069,50.0
4,166,7,465,52.530699999999996,Single,800.4775,14,90,9605.89069,50.0
5,166,7,40,340.586,Double,800.4775,14,90,9605.89069,50.0
0,167,7,759,103.6225,Single,800.5392,15,99,9604.833169999998,51.0
1,167,7,269,139.6029,Single,800.5392,15,99,9604.833169999998,51.0
2,167,7,281,98.80080000000001,Single,800.5392,15,99,9604.833169999998,51.0
3,167,7,1205,59.5107,Single,800.5392,15,99,9604.833169999998,51.0
4,167,7,625,56.1993,Single,800.5392,15,99,9604.833169999998,51.0
5,167,7,346,342.80300000000005,Double,800.5392,15,99,9604.833169999998,51.0
0,168,8,648,103.98109999999998,Single,800.5532000000001,8,95,9605.39793,50.0
1,168,8,268,139.57080000000002,Single,800.5532000000001,8,95,9605.39793,50.0
2,168,8,391,95.4425,Single,800.5532000000001,8,95,9605.39793,50.0
3,168,8,1417,24.4014,Single,800.5532000000001,8,95,9605.39793,50.0
4,168,8,1316,47.2042,Single,800.5532000000001,8,95,9605.39793,50.0
5,168,8,1132,46.5985,Single,800.5532000000001,8,95,9605.39793,50.0
6,168,8,344,343.3547,Double,800.5532000000001,8,95,9605.39793,50.0
0,169,8,757,103.7158,Single,800.8405,16,91,9603.77597,50.0
1,169,8,795,97.9267,Single,800.8405,16,91,9603.77597,50.0
2,169,8,589,55.7172,Single,800.8405,16,91,9603.77597,50.0
3,169,8,1370,12.3908,Single,800.8405,16,91,9603.77597,50.0
4,169,8,1395,20.3652,Single,800.8405,16,91,9603.77597,50.0
5,169,8,1504,27.4549,Single,800.8405,16,91,9603.77597,50.0
6,169,8,126,483.2699,Double,800.8405,16,91,9603.77597,50.0
0,170,6,926,93.1794,Single,800.7559,6,96,9606.58655,51.0
1,170,6,451,89.9092,Single,800.7559,6,96,9606.58655,51.0
2,170,6,310,88.5648,Single,800.7559,6,96,9606.58655,51.0
3,170,6,1243,45.877700000000004,Single,800.7559,6,96,9606.58655,51.0
4,170,6,124,483.22479999999996,Double,800.7559,6,96,9606.58655,51.0
0,171,7,725,103.3066,Single,800.3574299999999,2,96,9605.436849999998,51.0
1,171,7,88,122.8569,Single,800.3574299999999,2,96,9605.436849999998,51.0
2,171,7,963,168.08790000000002,Single,800.3574299999999,2,96,9605.436849999998,51.0
3,171,7,416,194.1541,Single,800.3574299999999,2,96,9605.436849999998,51.0
4,171,7,903,64.3317,Single,800.3574299999999,2,96,9605.436849999998,51.0
5,171,7,671,97.52683,Single,800.3574299999999,2,96,9605.436849999998,51.0
6,171,7,505,50.0934,Single,800.3574299999999,2,96,9605.436849999998,51.0
0,172,9,1119,103.1788,Single,800.60119,2,96,9605.436849999998,51.0
1,172,9,244,120.4111,Single,800.60119,2,96,9605.436849999998,51.0
2,172,9,431,80.9639,Single,800.60119,2,96,9605.436849999998,51.0
3,172,9,1365,12.3828,Single,800.60119,2,96,9605.436849999998,51.0
4,172,9,1014,55.98889,Single,800.60119,2,96,9605.436849999998,51.0
5,172,9,1342,12.9065,Single,800.60119,2,96,9605.436849999998,51.0
6,172,9,750,48.9861,Single,800.60119,2,96,9605.436849999998,51.0
7,172,9,102,365.7831,Double,800.60119,2,96,9605.436849999998,51.0
0,173,9,1019,122.35210000000001,Single,800.7565800000001,8,95,9605.39793,50.0
1,173,9,732,157.27640000000002,Single,800.7565800000001,8,95,9605.39793,50.0
2,173,9,470,206.6837,Single,800.7565800000001,8,95,9605.39793,50.0
3,173,9,713,101.6356,Single,800.7565800000001,8,95,9605.39793,50.0
4,173,9,741,91.17708,Single,800.7565800000001,8,95,9605.39793,50.0
5,173,9,1368,12.3769,Single,800.7565800000001,8,95,9605.39793,50.0
6,173,9,539,47.5008,Single,800.7565800000001,8,95,9605.39793,50.0
7,173,9,1371,12.3953,Single,800.7565800000001,8,95,9605.39793,50.0
8,173,9,719,49.3587,Single,800.7565800000001,8,95,9605.39793,50.0
0,174,8,616,101.85329999999999,Single,800.83787,4,94,9607.950949999999,50.0
1,174,8,1082,139.0968,Single,800.83787,4,94,9607.950949999999,50.0
2,174,8,1169,73.33174000000001,Single,800.83787,4,94,9607.950949999999,50.0
3,174,8,1433,23.9282,Single,800.83787,4,94,9607.950949999999,50.0
4,174,8,1148,62.641,Single,800.83787,4,94,9607.950949999999,50.0
5,174,8,1320,52.80943,Single,800.83787,4,94,9607.950949999999,50.0
6,174,8,376,347.1774,Double,800.83787,4,94,9607.950949999999,50.0
0,175,10,307,125.81620000000001,Single,800.82393,6,96,9606.58655,51.0
1,175,10,604,166.333,Single,800.82393,6,96,9606.58655,51.0
2,175,10,412,194.1922,Single,800.82393,6,96,9606.58655,51.0
3,175,10,1233,93.27699999999999,Single,800.82393,6,96,9606.58655,51.0
4,175,10,836,100.1605,Single,800.82393,6,96,9606.58655,51.0
5,175,10,1356,12.5809,Single,800.82393,6,96,9606.58655,51.0
6,175,10,1355,12.5839,Single,800.82393,6,96,9606.58655,51.0
7,175,10,1358,12.5907,Single,800.82393,6,96,9606.58655,51.0
8,175,10,873,59.84712999999999,Single,800.82393,6,96,9606.58655,51.0
9,175,10,1451,23.4424,Single,800.82393,6,96,9606.58655,51.0
0,176,7,18,122.45580000000001,Single,800.8749,5,89,9606.963290000002,51.0
1,176,7,733,157.2554,Single,800.8749,5,89,9606.963290000002,51.0
2,176,7,472,206.69279999999998,Single,800.8749,5,89,9606.963290000002,51.0
3,176,7,837,100.04249999999999,Single,800.8749,5,89,9606.963290000002,51.0
4,176,7,802,93.61270000000002,Single,800.8749,5,89,9606.963290000002,51.0
5,176,7,462,58.948499999999996,Single,800.8749,5,89,9606.963290000002,51.0
6,176,7,1198,61.8672,Single,800.8749,5,89,9606.963290000002,51.0
0,177,10,617,101.9138,Single,800.4793999999999,11,92,9604.11439,50.0
1,177,10,245,120.2869,Single,800.4793999999999,11,92,9604.11439,50.0
2,177,10,74,211.6944,Single,800.4793999999999,11,92,9604.11439,50.0
3,177,10,1258,66.4863,Single,800.4793999999999,11,92,9604.11439,50.0
4,177,10,1353,12.5776,Single,800.4793999999999,11,92,9604.11439,50.0
5,177,10,1491,27.6226,Single,800.4793999999999,11,92,9604.11439,50.0
6,177,10,684,51.9178,Single,800.4793999999999,11,92,9604.11439,50.0
7,177,10,443,53.4841,Single,800.4793999999999,11,92,9604.11439,50.0
8,177,10,824,154.4959,Double,800.4793999999999,11,92,9604.11439,50.0
0,178,7,364,101.6522,Single,800.77853,11,92,9604.11439,50.0
1,178,7,306,125.9548,Single,800.77853,11,92,9604.11439,50.0
2,178,7,605,166.3012,Single,800.77853,11,92,9604.11439,50.0
3,178,7,720,194.21609999999998,Single,800.77853,11,92,9604.11439,50.0
4,178,7,367,101.5686,Single,800.77853,11,92,9604.11439,50.0
5,178,7,1042,55.3518,Single,800.77853,11,92,9604.11439,50.0
6,178,7,1151,55.733830000000005,Single,800.77853,11,92,9604.11439,50.0
0,179,7,1010,102.49589999999998,Single,800.25743,13,94,9601.45561,51.0
1,179,7,336,120.71629999999999,Single,800.25743,13,94,9601.45561,51.0
2,179,7,666,155.19,Single,800.25743,13,94,9601.45561,51.0
3,179,7,357,210.1666,Single,800.25743,13,94,9601.45561,51.0
4,179,7,606,99.87589999999999,Single,800.25743,13,94,9601.45561,51.0
5,179,7,875,61.95143,Single,800.25743,13,94,9601.45561,51.0
6,179,7,654,49.8613,Single,800.25743,13,94,9601.45561,51.0
0,180,7,649,103.9851,Single,799.60029,11,92,9604.11439,50.0
1,180,7,885,122.8621,Single,799.60029,11,92,9604.11439,50.0
2,180,7,788,168.0381,Single,799.60029,11,92,9604.11439,50.0
3,180,7,417,193.8304,Single,799.60029,11,92,9604.11439,50.0
4,180,7,765,99.6813,Single,799.60029,11,92,9604.11439,50.0
5,180,7,527,51.294200000000004,Single,799.60029,11,92,9604.11439,50.0
6,180,7,872,59.909090000000006,Single,799.60029,11,92,9604.11439,50.0
0,181,9,639,104.1986,Single,800.0433999999999,15,99,9604.833169999998,51.0
1,181,9,283,123.9283,Single,800.0433999999999,15,99,9604.833169999998,51.0
2,181,9,538,168.7595,Single,800.0433999999999,15,99,9604.833169999998,51.0
3,181,9,73,87.4057,Single,800.0433999999999,15,99,9604.833169999998,51.0
4,181,9,635,45.8462,Single,800.0433999999999,15,99,9604.833169999998,51.0
5,181,9,1476,27.7117,Single,800.0433999999999,15,99,9604.833169999998,51.0
6,181,9,1244,49.547399999999996,Single,800.0433999999999,15,99,9604.833169999998,51.0
7,181,9,846,192.646,Double,800.0433999999999,15,99,9604.833169999998,51.0
0,182,7,1025,102.35079999999999,Single,800.6338900000001,9,91,9607.23065,50.0
1,182,7,187,120.9249,Single,800.6338900000001,9,91,9607.23065,50.0
2,182,7,698,156.4669,Single,800.6338900000001,9,91,9607.23065,50.0
3,182,7,592,208.6793,Single,800.6338900000001,9,91,9607.23065,50.0
4,182,7,1224,88.72599,Single,800.6338900000001,9,91,9607.23065,50.0
5,182,7,1118,72.3209,Single,800.6338900000001,9,91,9607.23065,50.0
6,182,7,1069,51.165099999999995,Single,800.6338900000001,9,91,9607.23065,50.0
0,183,7,331,102.9726,Single,800.8469600000001,13,94,9601.45561,51.0
1,183,7,209,123.8939,Single,800.8469600000001,13,94,9601.45561,51.0
2,183,7,924,167.5873,Single,800.8469600000001,13,94,9601.45561,51.0
3,183,7,447,193.9492,Single,800.8469600000001,13,94,9601.45561,51.0
4,183,7,862,84.57784,Single,800.8469600000001,13,94,9601.45561,51.0
5,183,7,612,95.27812,Single,800.8469600000001,13,94,9601.45561,51.0
6,183,7,1156,32.588,Single,800.8469600000001,13,94,9601.45561,51.0
0,184,7,1049,123.98939999999999,Single,800.70657,14,90,9605.89069,50.0
1,184,7,636,167.1456,Single,800.70657,14,90,9605.89069,50.0
2,184,7,414,194.1344,Single,800.70657,14,90,9605.89069,50.0
3,184,7,1285,73.1132,Single,800.70657,14,90,9605.89069,50.0
4,184,7,645,99.3158,Single,800.70657,14,90,9605.89069,50.0
5,184,7,902,85.51169999999999,Single,800.70657,14,90,9605.89069,50.0
6,184,7,1304,57.49647,Single,800.70657,14,90,9605.89069,50.0
0,185,8,208,124.1115,Single,800.66707,7,97,9607.610690000001,51.0
1,185,8,637,167.0605,Single,800.66707,7,97,9607.610690000001,51.0
2,185,8,722,193.8289,Single,800.66707,7,97,9607.610690000001,51.0
3,185,8,1043,78.387,Single,800.66707,7,97,9607.610690000001,51.0
4,185,8,312,101.4498,Single,800.66707,7,97,9607.610690000001,51.0
5,185,8,851,40.9091,Single,800.66707,7,97,9607.610690000001,51.0
6,185,8,974,42.47607,Single,800.66707,7,97,9607.610690000001,51.0
7,185,8,723,52.4442,Single,800.66707,7,97,9607.610690000001,51.0
0,186,8,727,103.2387,Single,799.7927,10,96,9607.177389999999,50.0
1,186,8,511,106.71209999999998,Single,799.7927,10,96,9607.177389999999,50.0
2,186,8,282,123.9339,Single,799.7927,10,96,9607.177389999999,50.0
3,186,8,786,168.2816,Single,799.7927,10,96,9607.177389999999,50.0
4,186,8,1187,54.5275,Single,799.7927,10,96,9607.177389999999,50.0
5,186,8,475,50.0459,Single,799.7927,10,96,9607.177389999999,50.0
6,186,8,844,193.053,Double,799.7927,10,96,9607.177389999999,50.0
0,187,7,337,120.6025,Single,800.40213,10,96,9607.177389999999,50.0
1,187,7,1002,155.6285,Single,800.40213,10,96,9607.177389999999,50.0
2,187,7,387,209.7867,Single,800.40213,10,96,9607.177389999999,50.0
3,187,7,1281,95.6276,Single,800.40213,10,96,9607.177389999999,50.0
4,187,7,1007,76.38503,Single,800.40213,10,96,9607.177389999999,50.0
5,187,7,912,94.0026,Single,800.40213,10,96,9607.177389999999,50.0
6,187,7,1329,48.3692,Single,800.40213,10,96,9607.177389999999,50.0
0,188,8,1024,102.2541,Single,800.7053000000001,12,97,9606.32338,50.0
1,188,8,89,122.7546,Single,800.7053000000001,12,97,9606.32338,50.0
2,188,8,688,205.90820000000002,Single,800.7053000000001,12,97,9606.32338,50.0
3,188,8,1145,70.1286,Single,800.7053000000001,12,97,9606.32338,50.0
4,188,8,1075,94.3646,Single,800.7053000000001,12,97,9606.32338,50.0
5,188,8,1143,47.934200000000004,Single,800.7053000000001,12,97,9606.32338,50.0
6,188,8,894,157.361,Double,800.7053000000001,12,97,9606.32338,50.0
0,189,7,334,120.6056,Single,800.77946,9,91,9607.23065,50.0
1,189,7,664,155.27249999999998,Single,800.77946,9,91,9607.23065,50.0
2,189,7,500,210.1307,Single,800.77946,9,91,9607.23065,50.0
3,189,7,1266,73.66326,Single,800.77946,9,91,9607.23065,50.0
4,189,7,121,96.2073,Single,800.77946,9,91,9607.23065,50.0
5,189,7,913,93.9967,Single,800.77946,9,91,9607.23065,50.0
6,189,7,888,50.90339999999999,Single,800.77946,9,91,9607.23065,50.0
0,190,7,712,101.7297,Single,800.4236999999999,14,90,9605.89069,50.0
1,190,7,542,102.97670000000001,Single,800.4236999999999,14,90,9605.89069,50.0
2,190,7,19,122.5056,Single,800.4236999999999,14,90,9605.89069,50.0
3,190,7,1099,157.83679999999998,Single,800.4236999999999,14,90,9605.89069,50.0
4,190,7,690,205.537,Single,800.4236999999999,14,90,9605.89069,50.0
5,190,7,916,85.8966,Single,800.4236999999999,14,90,9605.89069,50.0
6,190,7,1428,23.9413,Single,800.4236999999999,14,90,9605.89069,50.0
0,191,7,543,103.01419999999999,Single,800.1181,8,95,9605.39793,50.0
1,191,7,186,120.9534,Single,800.1181,8,95,9605.39793,50.0
2,191,7,1004,155.5504,Single,800.1181,8,95,9605.39793,50.0
3,191,7,502,210.2038,Single,800.1181,8,95,9605.39793,50.0
4,191,7,866,92.4443,Single,800.1181,8,95,9605.39793,50.0
5,191,7,1180,55.3226,Single,800.1181,8,95,9605.39793,50.0
6,191,7,1149,62.6294,Single,800.1181,8,95,9605.39793,50.0
0,192,8,330,102.91199999999999,Single,800.488,15,99,9604.833169999998,51.0
1,192,8,48,119.8868,Single,800.488,15,99,9604.833169999998,51.0
2,192,8,140,154.7615,Single,800.488,15,99,9604.833169999998,51.0
3,192,8,386,209.97379999999998,Single,800.488,15,99,9604.833169999998,51.0
4,192,8,1013,65.10730000000001,Single,800.488,15,99,9604.833169999998,51.0
5,192,8,689,54.3001,Single,800.488,15,99,9604.833169999998,51.0
6,192,8,1208,45.843900000000005,Single,800.488,15,99,9604.833169999998,51.0
7,192,8,571,47.7026,Single,800.488,15,99,9604.833169999998,51.0
