,Slinks,DAQlpGBT,link variable,Total lpGBT of Slinks,total rate,lpGBT Rates,FPGA,Event-Buffer,Total lpGBT of FPGA,Total Rate of FPGA
0,1,364,single,8,705.38303,101.6522,14,28,55,5493.90423
1,1,53,single,8,705.38303,133.7296,14,28,55,5493.90423
2,1,1425,single,8,705.38303,23.9386,14,28,55,5493.90423
3,1,1272,single,8,705.38303,69.49162,14,28,55,5493.90423
4,1,651,single,8,705.38303,74.5613,14,28,55,5493.90423
5,1,797,single,8,705.38303,77.9747,14,28,55,5493.90423
6,2,51,single,7,685.55985,133.7812,4,28,53,5474.07182
7,2,1375,single,7,685.55985,12.4002,4,28,53,5474.07182
8,2,1406,single,7,685.55985,19.918,4,28,53,5474.07182
9,2,1187,single,7,685.55985,54.5275,4,28,53,5474.07182
10,2,773,single,7,685.55985,97.295,4,28,53,5474.07182
11,3,1343,single,6,682.42466,12.9046,22,28,53,5507.44052
12,3,1336,single,6,682.42466,48.762,22,28,53,5507.44052
13,3,507,single,6,682.42466,50.0605,22,28,53,5507.44052
14,3,954,single,6,682.42466,98.69173,22,28,53,5507.44052
15,4,1378,single,6,688.62585,12.189,14,28,55,5493.90423
16,4,1357,single,6,688.62585,12.5762,14,28,55,5493.90423
17,4,1398,single,6,688.62585,20.377,14,28,55,5493.90423
18,4,1037,single,6,688.62585,55.775,14,28,55,5493.90423
19,5,1386,single,8,683.7925,12.2023,15,29,53,5481.7033
20,5,1448,single,8,683.7925,23.4409,15,29,53,5481.7033
21,5,1070,single,8,683.7925,54.99298,15,29,53,5481.7033
22,5,1241,single,8,683.7925,77.4395,15,29,53,5481.7033
23,5,916,single,8,683.7925,85.8966,15,29,53,5481.7033
24,5,1046,single,8,683.7925,87.88855,15,29,53,5481.7033
25,6,1348,single,6,684.75162,12.9106,7,28,54,5479.27421
26,6,1088,single,6,684.75162,47.5933,7,28,54,5479.27421
27,6,779,single,6,684.75162,60.80618,7,28,54,5479.27421
28,6,770,single,6,684.75162,97.365,7,28,54,5479.27421
29,7,22,single,7,685.98378,132.7535,20,30,56,5489.5818
30,7,1368,single,7,685.98378,12.3769,20,30,56,5489.5818
31,7,620,single,7,685.98378,52.6218,20,30,56,5489.5818
32,7,1216,single,7,685.98378,61.7012,20,30,56,5489.5818
33,7,967,single,7,685.98378,96.43854,20,30,56,5489.5818
34,8,20,single,8,685.9902,132.8645,14,28,55,5493.90423
35,8,1365,single,8,685.9902,12.3828,14,28,55,5493.90423
36,8,1001,single,8,685.9902,28.6771,14,28,55,5493.90423
37,8,465,single,8,685.9902,52.5307,14,28,55,5493.90423
38,8,1258,single,8,685.9902,66.4863,14,28,55,5493.90423
39,8,615,single,8,685.9902,95.21784,14,28,55,5493.90423
40,9,1372,single,6,680.50011,12.3921,14,28,55,5493.90423
41,9,1358,single,6,680.50011,12.5907,14,28,55,5493.90423
42,9,569,single,6,680.50011,47.7405,14,28,55,5493.90423
43,9,953,single,6,680.50011,98.7012,14,28,55,5493.90423
44,10,1382,single,6,691.40519,12.1958,27,28,54,5492.42182
45,10,1352,single,6,691.40519,12.5923,27,28,54,5492.42182
46,10,627,single,6,691.40519,56.1604,27,28,54,5492.42182
47,10,940,single,6,691.40519,84.3924,27,28,54,5492.42182
48,11,1385,single,6,693.9047,12.2131,28,30,56,5490.10547
49,11,1422,single,6,693.9047,24.417,28,30,56,5490.10547
50,11,691,single,6,693.9047,54.3436,28,30,56,5490.10547
51,11,827,single,6,693.9047,100.0233,28,30,56,5490.10547
52,12,1367,single,7,682.27441,12.3806,27,28,54,5492.42182
53,12,1470,single,7,682.27441,27.9728,27,28,54,5492.42182
54,12,1130,single,7,682.27441,64.8164,27,28,54,5492.42182
55,12,1223,single,7,682.27441,82.5246,27,28,54,5492.42182
56,12,899,single,7,682.27441,94.5579,27,28,54,5492.42182
57,13,23,single,8,686.421,132.6999,7,28,54,5479.27421
58,13,43,single,8,686.421,262.6971,7,28,54,5479.27421
59,13,1410,single,8,686.421,19.9105,7,28,54,5479.27421
60,13,1451,single,8,686.421,23.4424,7,28,54,5479.27421
61,13,1029,single,8,686.421,77.6923,7,28,54,5479.27421
62,13,73,single,8,686.421,87.4057,7,28,54,5479.27421
63,13,184,single,8,686.421,91.0682,7,28,54,5479.27421
64,13,1053,single,8,686.421,94.5749,7,28,54,5479.27421
65,14,21,single,6,688.28942,132.6581,25,28,52,5471.91851
66,14,42,single,6,688.28942,262.9341,25,28,52,5471.91851
67,14,1322,single,6,688.28942,49.0056,25,28,52,5471.91851
68,14,1033,single,6,688.28942,52.8935,25,28,52,5471.91851
69,14,1247,single,6,688.28942,80.7346,25,28,52,5471.91851
70,14,59,single,6,688.28942,83.872,25,28,52,5471.91851
71,15,1350,single,6,682.3455,12.8867,2,28,53,5483.41892
72,15,1503,single,6,682.3455,27.4491,2,28,53,5483.41892
73,15,738,single,6,682.3455,79.3269,2,28,53,5483.41892
74,15,1293,single,6,682.3455,85.0109,2,28,53,5483.41892
75,16,1373,single,6,684.6312,12.3994,19,28,53,5483.138
76,16,1466,single,6,684.6312,27.9955,19,28,53,5483.138
77,16,1268,single,6,684.6312,60.7416,19,28,53,5483.138
78,16,422,single,6,684.6312,97.5803,19,28,53,5483.138
79,17,1384,single,7,682.8221,12.1992,3,30,55,5482.9233
80,17,1411,single,7,682.8221,19.9093,3,30,55,5482.9233
81,17,873,single,7,682.8221,59.84713,3,30,55,5482.9233
82,17,747,single,7,682.8221,72.017,3,30,55,5482.9233
83,17,121,single,7,682.8221,96.2073,3,30,55,5482.9233
84,18,1387,single,6,685.4367,12.2093,26,28,52,5496.16321
85,18,1400,single,6,685.4367,19.9139,26,28,52,5496.16321
86,18,667,single,6,685.4367,44.1745,26,28,52,5496.16321
87,18,577,single,6,685.4367,82.9852,26,28,52,5496.16321
88,19,1047,single,7,690.05281,132.2247,1,29,53,5501.04048
89,19,1473,single,7,690.05281,27.7241,1,29,53,5501.04048
90,19,1150,single,7,690.05281,55.73618,1,29,53,5501.04048
91,19,493,single,7,690.05281,77.4153,1,29,53,5501.04048
92,19,544,single,7,690.05281,82.9823,1,29,53,5501.04048
93,20,276,single,8,683.67158,132.1921,2,28,53,5483.41892
94,20,1356,single,8,683.67158,12.5809,2,28,53,5483.41892
95,20,1335,single,8,683.67158,52.30281,2,28,53,5483.41892
96,20,958,single,8,683.67158,64.5092,2,28,53,5483.41892
97,20,673,single,8,683.67158,78.739,2,28,53,5483.41892
98,20,794,single,8,683.67158,97.7872,2,28,53,5483.41892
99,21,275,single,6,684.73664,132.1794,5,28,54,5486.45375
100,21,1355,single,6,684.73664,12.5839,5,28,54,5486.45375
101,21,1176,single,6,684.73664,61.9728,5,28,54,5486.45375
102,21,1189,single,6,684.73664,62.242,5,28,54,5486.45375
103,22,274,single,7,690.9714,132.1727,3,30,55,5482.9233
104,22,1381,single,7,690.9714,12.2151,3,30,55,5482.9233
105,22,1401,single,7,690.9714,19.9019,3,30,55,5482.9233
106,22,874,single,7,690.9714,61.90243,3,30,55,5482.9233
107,22,765,single,7,690.9714,99.6813,3,30,55,5482.9233
108,23,792,single,6,692.2407,153.6986,14,28,55,5493.90423
109,23,1157,single,6,692.2407,17.2284,14,28,55,5493.90423
110,23,505,single,6,692.2407,50.0934,14,28,55,5493.90423
111,23,1148,single,6,692.2407,62.641,14,28,55,5493.90423
112,24,277,single,8,685.9238,131.9012,18,30,55,5499.01081
113,24,1371,single,8,685.9238,12.3953,18,30,55,5499.01081
114,24,1333,single,8,685.9238,52.35167,18,30,55,5499.01081
115,24,1280,single,8,685.9238,65.3102,18,30,55,5499.01081
116,24,1021,single,8,685.9238,79.0925,18,30,55,5499.01081
117,24,708,single,8,685.9238,97.1623,18,30,55,5499.01081
118,25,1405,single,8,683.973,19.8996,26,28,52,5496.16321
119,25,559,single,8,683.973,46.3676,26,28,52,5496.16321
120,25,1259,single,8,683.973,66.4743,26,28,52,5496.16321
121,25,1027,single,8,683.973,71.81466,26,28,52,5496.16321
122,25,1245,single,8,683.973,86.96582,26,28,52,5496.16321
123,25,1103,single,8,683.973,87.06269,26,28,52,5496.16321
124,26,1342,single,6,683.68507,12.9065,27,28,54,5492.42182
125,26,558,single,6,683.68507,46.4352,27,28,54,5492.42182
126,26,420,single,6,683.68507,90.0766,27,28,54,5492.42182
127,26,680,single,6,683.68507,99.5801,27,28,54,5492.42182
128,27,1366,single,6,681.38918,12.3632,25,28,52,5471.91851
129,27,621,single,6,681.38918,52.5893,25,28,52,5471.91851
130,27,674,single,6,681.38918,78.7827,25,28,52,5471.91851
131,27,312,single,6,681.38918,101.4498,25,28,52,5471.91851
132,28,1495,single,7,686.1862,27.6265,2,28,53,5483.41892
133,28,986,single,7,686.1862,56.65971,2,28,53,5483.41892
134,28,1291,single,7,686.1862,72.86676,2,28,53,5483.41892
135,28,1221,single,7,686.1862,72.94156,2,28,53,5483.41892
136,28,676,single,7,686.1862,93.03244,2,28,53,5483.41892
137,29,1407,single,6,682.09188,19.9135,24,28,52,5485.61659
138,29,1493,single,6,682.09188,27.6237,24,28,52,5485.61659
139,29,1139,single,6,682.09188,60.5216,24,28,52,5485.61659
140,29,1117,single,6,682.09188,72.4962,24,28,52,5485.61659
141,30,1492,single,8,690.0053,27.6181,11,30,57,5524.91148
142,30,563,single,8,690.0053,58.4605,11,30,57,5524.91148
143,30,1183,single,8,690.0053,70.2985,11,30,57,5524.91148
144,30,714,single,8,690.0053,73.2973,11,30,57,5524.91148
145,30,886,single,8,690.0053,92.3224,11,30,57,5524.91148
146,30,679,single,8,690.0053,93.116,11,30,57,5524.91148
147,31,1364,single,5,684.6129,12.4063,28,30,56,5490.10547
148,31,415,single,5,684.6129,53.5499,28,30,56,5490.10547
149,31,1127,single,5,684.6129,56.13824,28,30,56,5490.10547
150,32,1403,single,5,685.8659,19.9098,23,28,52,5471.33706
151,32,1465,single,5,685.8659,27.9684,23,28,52,5471.33706
152,32,1163,single,5,685.8659,62.3709,23,28,52,5471.33706
153,33,1452,single,8,681.1876,23.4278,17,30,54,5485.60658
154,33,809,single,8,681.1876,52.7404,17,30,54,5485.60658
155,33,1050,single,8,681.1876,70.6843,17,30,54,5485.60658
156,33,683,single,8,681.1876,71.0506,17,30,54,5485.60658
157,33,1328,single,8,681.1876,85.6841,17,30,54,5485.60658
158,33,421,single,8,681.1876,90.1012,17,30,54,5485.60658
159,34,1393,single,6,685.99638,20.3822,16,28,51,5501.72531
160,34,635,single,6,685.99638,45.8462,16,28,51,5501.72531
161,34,998,single,6,685.99638,73.16064,16,28,51,5501.72531
162,34,582,single,6,685.99638,98.1765,16,28,51,5501.72531
163,35,1417,single,6,678.06496,24.4014,6,28,54,5468.21219
164,35,785,single,6,678.06496,51.0692,6,28,54,5468.21219
165,35,645,single,6,678.06496,99.3158,6,28,54,5468.21219
166,35,837,single,6,678.06496,100.0425,6,28,54,5468.21219
167,36,1034,single,7,685.966,52.9326,7,28,54,5479.27421
168,36,588,single,7,685.966,55.6755,7,28,54,5479.27421
169,36,545,single,7,685.966,82.9013,7,28,54,5479.27421
170,36,514,single,7,685.966,85.9832,7,28,54,5479.27421
171,36,930,single,7,685.966,88.015,7,28,54,5479.27421
172,37,180,single,7,682.83133,131.2462,8,28,53,5480.88316
173,37,1497,single,7,682.83133,27.447,8,28,53,5480.88316
174,37,590,single,7,682.83133,50.4737,8,28,53,5480.88316
175,37,902,single,7,682.83133,85.5117,8,28,53,5480.88316
176,37,670,single,7,682.83133,97.67489,8,28,53,5480.88316
177,38,55,single,7,684.1656,144.4183,4,28,53,5474.07182
178,38,1456,single,7,684.1656,23.4491,4,28,53,5474.07182
179,38,1325,single,7,684.1656,48.8082,4,28,53,5474.07182
180,38,1267,single,7,684.1656,73.68408,4,28,53,5474.07182
181,38,740,single,7,684.1656,91.18294,4,28,53,5474.07182
182,39,181,single,7,681.9457,131.1838,14,28,55,5493.90423
183,39,1458,single,7,681.9457,23.4386,14,28,55,5493.90423
184,39,932,single,7,681.9457,50.3246,14,28,55,5493.90423
185,39,1036,single,7,681.9457,55.8093,14,28,55,5493.90423
186,39,943,single,7,681.9457,88.0192,14,28,55,5493.90423
187,40,179,single,7,685.4687,131.1381,21,30,57,5514.70313
188,40,1370,single,7,685.4687,12.3908,21,30,57,5514.70313
189,40,1198,single,7,685.4687,61.8672,21,30,57,5514.70313
190,40,677,single,7,685.4687,92.99828,21,30,57,5514.70313
191,40,734,single,7,685.4687,99.5413,21,30,57,5514.70313
192,41,1394,single,6,683.54586,20.3861,22,28,53,5507.44052
193,41,1042,single,6,683.54586,55.3518,22,28,53,5507.44052
194,41,1261,single,6,683.54586,74.47274,22,28,53,5507.44052
195,41,804,single,6,683.54586,97.8664,22,28,53,5507.44052
196,42,1441,single,5,687.1606,23.6399,26,28,52,5496.16321
197,42,591,single,5,687.1606,50.4608,26,28,52,5496.16321
198,42,1200,single,5,687.1606,62.6494,26,28,52,5496.16321
199,43,218,single,7,685.66014,131.0647,28,30,56,5490.10547
200,43,1351,single,7,685.66014,12.9001,28,30,56,5490.10547
201,43,1095,single,7,685.66014,61.8822,28,30,56,5490.10547
202,43,1278,single,7,685.66014,68.86568,28,30,56,5490.10547
203,43,363,single,7,685.66014,93.653,28,30,56,5490.10547
204,44,219,single,7,687.72321,130.9426,11,30,57,5524.91148
205,44,1421,single,7,687.72321,24.3981,11,30,57,5524.91148
206,44,1494,single,7,687.72321,27.6198,11,30,57,5524.91148
207,44,1115,single,7,687.72321,73.98245,11,30,57,5524.91148
208,44,1052,single,7,687.72321,99.5389,11,30,57,5524.91148
209,45,339,single,8,684.56743,129.5855,12,29,54,5486.08678
210,45,1480,single,8,684.56743,27.716,12,29,54,5486.08678
211,45,1137,single,8,684.56743,56.01799,12,29,54,5486.08678
212,45,1271,single,8,684.56743,69.39323,12,29,54,5486.08678
213,45,512,single,8,684.56743,86.0183,12,29,54,5486.08678
214,45,939,single,8,684.56743,92.5961,12,29,54,5486.08678
215,46,338,single,7,687.78898,129.7623,5,28,54,5486.45375
216,46,1420,single,7,687.78898,24.409,5,28,54,5486.45375
217,46,860,single,7,687.78898,84.6266,5,28,54,5486.45375
218,46,799,single,7,687.78898,85.4926,5,28,54,5486.45375
219,46,305,single,7,687.78898,101.0532,5,28,54,5486.45375
220,47,1345,single,6,695.659,12.9169,20,30,56,5489.5818
221,47,1120,single,6,695.659,58.7415,20,30,56,5489.5818
222,47,390,single,6,695.659,95.5751,20,30,56,5489.5818
223,47,833,single,6,695.659,95.8434,20,30,56,5489.5818
224,48,1347,single,6,688.3871,12.8894,2,28,53,5483.41892
225,48,1096,single,6,688.3871,61.1933,2,28,53,5483.41892
226,48,1123,single,6,688.3871,75.6387,2,28,53,5483.41892
227,48,1224,single,6,688.3871,88.72599,2,28,53,5483.41892
228,49,1143,single,5,684.43541,47.9342,24,28,52,5485.61659
229,49,1213,single,5,684.43541,55.35422,24,28,52,5485.61659
230,49,1177,single,5,684.43541,61.9567,24,28,52,5485.61659
231,50,1416,single,5,682.73091,24.3991,17,30,54,5485.60658
232,50,1173,single,5,682.73091,55.55438,17,30,54,5485.60658
233,50,842,single,5,682.73091,62.25581,17,30,54,5485.60658
234,51,1005,single,8,681.8385,128.1621,14,28,55,5493.90423
235,51,1469,single,8,681.8385,27.9763,14,28,55,5493.90423
236,51,684,single,8,681.8385,51.9178,14,28,55,5493.90423
237,51,1249,single,8,681.8385,64.255,14,28,55,5493.90423
238,51,1283,single,8,681.8385,65.1748,14,28,55,5493.90423
239,51,1232,single,8,681.8385,93.43852,14,28,55,5493.90423
240,52,122,single,6,682.03135,127.8846,13,28,52,5479.53835
241,52,1361,single,6,682.03135,12.6002,13,28,52,5479.53835
242,52,1199,single,6,682.03135,61.8595,13,28,52,5479.53835
243,52,433,single,6,682.03135,98.421,13,28,52,5479.53835
244,53,1305,single,6,682.80782,49.5443,19,28,53,5483.138
245,53,463,single,6,682.80782,58.8946,19,28,53,5483.138
246,53,341,single,6,682.80782,90.724,19,28,53,5483.138
247,53,1298,single,6,682.80782,97.3247,19,28,53,5483.138
248,54,1435,single,6,682.2003,23.949,11,30,57,5524.91148
249,54,1044,single,6,682.2003,59.7586,11,30,57,5524.91148
250,54,1260,single,6,682.2003,74.65511,11,30,57,5524.91148
251,54,609,single,6,682.2003,80.6027,11,30,57,5524.91148
252,55,123,single,7,686.71502,127.767,12,29,54,5486.08678
253,55,1369,single,7,686.71502,12.3748,12,29,54,5486.08678
254,55,1108,single,7,686.71502,54.90549,12,29,54,5486.08678
255,55,897,single,7,686.71502,76.0798,12,29,54,5486.08678
256,55,549,single,7,686.71502,97.8859,12,29,54,5486.08678
257,56,329,single,7,685.8039,127.5454,12,29,54,5486.08678
258,56,1505,single,7,685.8039,27.4438,12,29,54,5486.08678
259,56,652,single,7,685.8039,54.7242,12,29,54,5486.08678
260,56,952,single,7,685.8039,79.38565,12,29,54,5486.08678
261,56,613,single,7,685.8039,95.19628,12,29,54,5486.08678
262,57,575,single,8,683.17323,107.0811,6,28,54,5468.21219
263,57,730,single,8,683.17323,150.1752,6,28,54,5468.21219
264,57,1478,single,8,683.17323,27.7235,6,28,54,5468.21219
265,57,1290,single,8,683.17323,72.91685,6,28,54,5468.21219
266,57,430,single,8,683.17323,81.0768,6,28,54,5468.21219
267,57,1054,single,8,683.17323,94.5233,6,28,54,5468.21219
268,58,1488,single,5,685.3532,27.6211,5,28,54,5486.45375
269,58,623,single,5,685.3532,47.7543,5,28,54,5486.45375
270,58,1292,single,5,685.3532,59.8457,5,28,54,5486.45375
271,59,981,single,7,684.98316,107.2167,17,30,54,5485.60658
272,59,1414,single,7,684.98316,24.3881,17,30,54,5485.60658
273,59,1204,single,7,684.98316,55.24181,17,30,54,5485.60658
274,59,1230,single,7,684.98316,84.9166,17,30,54,5485.60658
275,59,800,single,7,684.98316,93.6403,17,30,54,5485.60658
276,60,574,single,7,684.56548,106.9451,28,30,56,5490.10547
277,60,728,single,7,684.56548,150.0472,28,30,56,5490.10547
278,60,1484,single,7,684.56548,27.6262,28,30,56,5490.10547
279,60,841,single,7,684.56548,60.38065,28,30,56,5490.10547
280,60,863,single,7,684.56548,84.59405,28,30,56,5490.10547
281,61,982,single,6,685.32489,107.3433,4,28,53,5474.07182
282,61,937,single,6,685.32489,148.7713,4,28,53,5474.07182
283,61,447,single,6,685.32489,193.9492,4,28,53,5474.07182
284,61,655,single,6,685.32489,49.8219,4,28,53,5474.07182
285,61,1320,single,6,685.32489,52.80943,4,28,53,5474.07182
286,61,1105,single,6,685.32489,95.7422,4,28,53,5474.07182
287,62,584,single,7,683.53075,106.8335,17,30,54,5485.60658
288,62,298,single,7,683.53075,149.4393,17,30,54,5485.60658
289,62,417,single,7,683.53075,193.8304,17,30,54,5485.60658
290,62,1114,single,7,683.53075,17.2101,17,30,54,5485.60658
291,62,933,single,7,683.53075,66.05845,17,30,54,5485.60658
292,62,1083,single,7,683.53075,82.1375,17,30,54,5485.60658
293,62,859,single,7,683.53075,98.4423,17,30,54,5485.60658
294,63,483,single,7,689.49751,106.8046,18,30,55,5499.01081
295,63,299,single,7,689.49751,149.4702,18,30,55,5499.01081
296,63,722,single,7,689.49751,193.8289,18,30,55,5499.01081
297,63,1380,single,7,689.49751,12.1951,18,30,55,5499.01081
298,63,1190,single,7,689.49751,55.45656,18,30,55,5499.01081
299,63,650,single,7,689.49751,74.6571,18,30,55,5499.01081
300,63,611,single,7,689.49751,80.5476,18,30,55,5499.01081
301,64,1501,single,6,684.60293,27.4513,8,28,53,5480.88316
302,64,1107,single,6,684.60293,48.7869,8,28,53,5480.88316
303,64,486,single,6,684.60293,85.9594,8,28,53,5480.88316
304,64,494,single,6,684.60293,99.5409,8,28,53,5480.88316
305,65,585,single,7,685.55997,106.8038,23,28,52,5471.33706
306,65,1301,single,7,685.55997,47.6289,23,28,52,5471.33706
307,65,524,single,7,685.55997,57.0576,23,28,52,5471.33706
308,65,586,single,7,685.55997,76.4237,23,28,52,5471.33706
309,65,942,single,7,685.55997,87.9125,23,28,52,5471.33706
310,66,900,single,6,677.38014,107.77009,14,28,55,5493.90423
311,66,1063,single,6,677.38014,144.2953,14,28,55,5493.90423
312,66,104,single,6,677.38014,198.2147,14,28,55,5493.90423
313,66,1353,single,6,677.38014,12.5776,14,28,55,5493.90423
314,66,1151,single,6,677.38014,55.73383,14,28,55,5493.90423
315,66,304,single,6,677.38014,101.3077,14,28,55,5493.90423
316,67,927,single,7,676.85053,107.79359,25,28,52,5471.91851
317,67,1016,single,7,676.85053,148.3524,25,28,52,5471.91851
318,67,414,single,7,676.85053,194.1344,25,28,52,5471.91851
319,67,1455,single,7,676.85053,23.4361,25,28,52,5471.91851
320,67,1028,single,7,676.85053,59.6974,25,28,52,5471.91851
321,67,1186,single,7,676.85053,65.4995,25,28,52,5471.91851
322,67,120,single,7,676.85053,96.3442,25,28,52,5471.91851
323,68,928,single,8,682.94551,107.83891,24,28,52,5485.61659
324,68,155,single,8,682.94551,141.4087,24,28,52,5485.61659
325,68,1489,single,8,682.94551,27.6185,24,28,52,5485.61659
326,68,888,single,8,682.94551,50.9034,24,28,52,5485.61659
327,68,75,single,8,682.94551,87.2257,24,28,52,5485.61659
328,68,519,single,8,682.94551,101.2858,24,28,52,5485.61659
329,69,901,single,8,688.79069,107.76781,21,30,57,5514.70313
330,69,278,single,8,688.79069,141.961,21,30,57,5514.70313
331,69,539,single,8,688.79069,47.5008,21,30,57,5514.70313
332,69,1067,single,8,688.79069,51.14,21,30,57,5514.70313
333,69,107,single,8,688.79069,81.3827,21,30,57,5514.70313
334,69,612,single,8,688.79069,95.27812,21,30,57,5514.70313
335,70,488,single,7,689.6469,108.6173,15,29,53,5481.7033
336,70,1062,single,7,689.6469,142.0273,15,29,53,5481.7033
337,70,658,single,7,689.6469,200.3191,15,29,53,5481.7033
338,70,625,single,7,689.6469,56.1993,15,29,53,5481.7033
339,70,715,single,7,689.6469,73.1957,15,29,53,5481.7033
340,70,704,single,7,689.6469,80.9778,15,29,53,5481.7033
341,70,869,single,7,689.6469,96.586,15,29,53,5481.7033
342,71,489,single,7,683.8757,108.5733,10,30,55,5473.58338
343,71,1017,single,7,683.8757,148.3002,10,30,55,5473.58338
344,71,416,single,7,683.8757,194.1541,10,30,55,5473.58338
345,71,1408,single,7,683.8757,19.8935,10,30,55,5473.58338
346,71,1212,single,7,683.8757,66.2537,10,30,55,5473.58338
347,71,861,single,7,683.8757,84.53665,10,30,55,5473.58338
348,71,881,single,7,683.8757,96.0729,10,30,55,5473.58338
349,72,648,single,6,687.32754,103.9811,18,30,55,5499.01081
350,72,148,single,6,687.32754,147.0916,18,30,55,5499.01081
351,72,760,single,6,687.32754,194.234,18,30,55,5499.01081
352,72,1409,single,6,687.32754,19.8945,18,30,55,5499.01081
353,72,999,single,6,687.32754,56.29768,18,30,55,5499.01081
354,72,392,single,6,687.32754,95.5428,18,30,55,5499.01081
355,73,631,single,8,682.0591,109.8693,28,30,56,5490.10547
356,73,15,single,8,682.0591,142.2112,28,30,56,5490.10547
357,73,752,single,8,682.0591,199.3269,28,30,56,5490.10547
358,73,1093,single,8,682.0591,37.60311,28,30,56,5490.10547
359,73,719,single,8,682.0591,49.3587,28,30,56,5490.10547
360,73,972,single,8,682.0591,65.8061,28,30,56,5490.10547
361,73,1104,single,8,682.0591,87.06454,28,30,56,5490.10547
362,73,707,single,8,682.0591,88.49709,28,30,56,5490.10547
363,74,308,single,6,682.94884,109.9919,13,28,52,5479.53835
364,74,14,single,6,682.94884,142.4875,13,28,52,5479.53835
365,74,754,single,6,682.94884,198.9359,13,28,52,5479.53835
366,74,1399,single,6,682.94884,20.3781,13,28,52,5479.53835
367,74,781,single,6,682.94884,62.53821,13,28,52,5479.53835
368,74,280,single,6,682.94884,99.1103,13,28,52,5479.53835
369,75,303,single,7,701.86084,109.9406,21,30,57,5514.70313
370,75,660,single,7,701.86084,179.0817,21,30,57,5514.70313
371,75,412,single,7,701.86084,194.1922,21,30,57,5514.70313
372,75,1182,single,7,701.86084,33.4505,21,30,57,5514.70313
373,75,1302,single,7,701.86084,49.6185,21,30,57,5514.70313
374,75,1294,single,7,701.86084,68.62754,21,30,57,5514.70313
375,75,643,single,7,701.86084,90.24048,21,30,57,5514.70313
376,76,152,single,9,684.806,112.3653,22,28,53,5507.44052
377,76,820,single,9,684.806,188.4326,22,28,53,5507.44052
378,76,1404,single,9,684.806,19.9125,22,28,53,5507.44052
379,76,654,single,9,684.806,49.8613,22,28,53,5507.44052
380,76,1296,single,9,684.806,68.70327,22,28,53,5507.44052
381,76,139,single,9,684.806,87.2056,22,28,53,5507.44052
382,76,185,single,9,684.806,91.0799,22,28,53,5507.44052
383,77,629,single,7,685.17854,109.8335,20,30,56,5489.5818
384,77,950,single,7,685.17854,143.2857,20,30,56,5489.5818
385,77,566,single,7,685.17854,198.4031,20,30,56,5489.5818
386,77,1463,single,7,685.17854,27.9914,20,30,56,5489.5818
387,77,1220,single,7,685.17854,55.11864,20,30,56,5489.5818
388,77,1193,single,7,685.17854,59.7784,20,30,56,5489.5818
389,77,450,single,7,685.17854,90.015,20,30,56,5489.5818
390,78,153,single,6,682.73607,112.279,7,28,54,5479.27421
391,78,1475,single,6,682.73607,27.7128,7,28,54,5479.27421
392,78,1156,single,6,682.73607,32.588,7,28,54,5479.27421
393,78,518,single,6,682.73607,101.517,7,28,54,5479.27421
394,79,273,single,7,685.1495,112.7151,9,30,56,5507.98652
395,79,782,single,7,685.1495,188.2935,9,30,56,5507.98652
396,79,849,single,7,685.1495,41.0039,9,30,56,5507.98652
397,79,1299,single,7,685.1495,53.32712,9,30,56,5507.98652
398,79,1051,single,7,685.1495,99.5208,9,30,56,5507.98652
399,80,510,single,7,695.3818,106.6457,22,28,53,5507.44052
400,80,1209,single,7,695.3818,49.6001,22,28,53,5507.44052
401,80,737,single,7,695.3818,77.2247,22,28,53,5507.44052
402,80,492,single,7,695.3818,77.5245,22,28,53,5507.44052
403,80,581,single,7,695.3818,97.9682,22,28,53,5507.44052
404,81,272,single,7,684.57179,112.7718,1,29,53,5501.04048
405,81,909,single,7,684.57179,150.5179,1,29,53,5501.04048
406,81,891,single,7,684.57179,188.5,1,29,53,5501.04048
407,81,1349,single,7,684.57179,12.9256,1,29,53,5501.04048
408,81,1013,single,7,684.57179,65.1073,1,29,53,5501.04048
409,81,461,single,7,684.57179,81.8057,1,29,53,5501.04048
410,81,606,single,7,684.57179,99.8759,1,29,53,5501.04048
411,82,597,single,7,684.21193,109.498,26,28,52,5496.16321
412,82,279,single,7,684.21193,141.9841,26,28,52,5496.16321
413,82,202,single,7,684.21193,200.3193,26,28,52,5496.16321
414,82,1402,single,7,684.21193,19.8778,26,28,52,5496.16321
415,82,1144,single,7,684.21193,70.0128,26,28,52,5496.16321
416,82,640,single,7,684.21193,82.7116,26,28,52,5496.16321
417,82,834,single,7,684.21193,95.8195,26,28,52,5496.16321
418,83,599,single,6,687.93551,109.5124,23,28,52,5471.33706
419,83,1061,single,6,687.93551,142.0412,23,28,52,5471.33706
420,83,200,single,6,687.93551,200.2531,23,28,52,5471.33706
421,83,1374,single,6,687.93551,12.4012,23,28,52,5471.33706
422,83,1432,single,6,687.93551,23.9378,23,28,52,5471.33706
423,83,681,single,6,687.93551,99.5222,23,28,52,5471.33706
424,84,394,single,7,695.68348,112.0621,17,30,54,5485.60658
425,84,178,single,7,695.68348,131.2062,17,30,54,5485.60658
426,84,442,single,7,695.68348,195.3374,17,30,54,5485.60658
427,84,1490,single,7,695.68348,27.6198,17,30,54,5485.60658
428,84,462,single,7,695.68348,58.9485,17,30,54,5485.60658
429,84,391,single,7,695.68348,95.4425,17,30,54,5485.60658
430,84,580,single,7,695.68348,98.0734,17,30,54,5485.60658
431,85,426,single,7,683.85519,109.5782,22,28,53,5507.44052
432,85,116,single,7,683.85519,144.0229,22,28,53,5507.44052
433,85,77,single,7,683.85519,198.225,22,28,53,5507.44052
434,85,1377,single,7,683.85519,12.2107,22,28,53,5507.44052
435,85,1426,single,7,683.85519,23.9322,22,28,53,5507.44052
436,85,1284,single,7,683.85519,73.09441,22,28,53,5507.44052
437,85,678,single,7,683.85519,93.20214,22,28,53,5507.44052
438,86,521,single,6,685.31572,110.573,4,28,53,5474.07182
439,86,149,single,6,685.31572,147.0088,4,28,53,5474.07182
440,86,446,single,6,685.31572,194.2631,4,28,53,5474.07182
441,86,1500,single,6,685.31572,27.4533,4,28,53,5474.07182
442,86,1188,single,6,685.31572,62.2279,4,28,53,5474.07182
443,86,1225,single,6,685.31572,82.4779,4,28,53,5474.07182
444,87,520,single,7,682.50173,110.5581,2,28,53,5483.41892
445,87,147,single,7,682.50173,147.0924,2,28,53,5483.41892
446,87,720,single,7,682.50173,194.2161,2,28,53,5483.41892
447,87,1181,single,7,682.50173,39.66483,2,28,53,5483.41892
448,87,595,single,7,682.50173,55.9648,2,28,53,5483.41892
449,87,1178,single,7,682.50173,64.2833,2,28,53,5483.41892
450,87,911,single,7,682.50173,81.63197,2,28,53,5483.41892
451,88,395,single,7,691.52529,112.0603,9,30,56,5507.98652
452,88,54,single,7,691.52529,144.5187,9,30,56,5507.98652
453,88,1418,single,7,691.52529,24.411,9,30,56,5507.98652
454,88,445,single,7,691.52529,53.4214,9,30,56,5507.98652
455,88,1040,single,7,691.52529,55.3501,9,30,56,5507.98652
456,89,427,single,9,682.2053,109.6663,3,30,55,5482.9233
457,89,154,single,9,682.2053,141.4976,3,30,55,5482.9233
458,89,656,single,9,682.2053,200.7478,3,30,55,5482.9233
459,89,1423,single,9,682.2053,24.4139,3,30,55,5482.9233
460,89,1171,single,9,682.2053,55.54766,3,30,55,5482.9233
461,89,1219,single,9,682.2053,63.9391,3,30,55,5482.9233
462,89,1154,single,9,682.2053,64.2868,3,30,55,5482.9233
463,89,1158,single,9,682.2053,72.3097,3,30,55,5482.9233
464,89,1087,single,9,682.2053,92.122,3,30,55,5482.9233
465,90,418,single,6,677.9314,111.6915,25,28,52,5471.91851
466,90,45,single,6,677.9314,145.3737,25,28,52,5471.91851
467,90,143,single,6,677.9314,194.8915,25,28,52,5471.91851
468,90,1433,single,6,677.9314,23.9282,25,28,52,5471.91851
469,90,1175,single,6,677.9314,57.8488,25,28,52,5471.91851
470,90,866,single,6,677.9314,92.4443,25,28,52,5471.91851
471,91,449,single,8,683.31016,111.6517,28,30,56,5490.10547
472,91,44,single,8,683.31016,145.3125,28,30,56,5490.10547
473,91,142,single,8,683.31016,194.9946,28,30,56,5490.10547
474,91,1413,single,8,683.31016,24.3952,28,30,56,5490.10547
475,91,527,single,8,683.31016,51.2942,28,30,56,5490.10547
476,91,371,single,8,683.31016,80.6542,28,30,56,5490.10547
477,91,829,single,8,683.31016,85.7139,28,30,56,5490.10547
478,91,867,single,8,683.31016,92.3933,28,30,56,5490.10547
479,92,402,single,7,685.82658,111.9873,26,28,52,5496.16321
480,92,87,single,7,685.82658,150.3618,26,28,52,5496.16321
481,92,630,single,7,685.82658,189.6453,26,28,52,5496.16321
482,92,1300,single,7,685.82658,53.2381,26,28,52,5496.16321
483,92,641,single,7,685.82658,82.6902,26,28,52,5496.16321
484,92,1287,single,7,685.82658,85.1966,26,28,52,5496.16321
485,92,992,single,7,685.82658,87.6832,26,28,52,5496.16321
486,93,403,single,7,686.7071,111.9442,8,28,53,5480.88316
487,93,988,single,7,686.7071,145.4572,8,28,53,5480.88316
488,93,532,single,7,686.7071,194.6354,8,28,53,5480.88316
489,93,1340,single,7,686.7071,12.9137,8,28,53,5480.88316
490,93,1252,single,7,686.7071,70.43782,8,28,53,5480.88316
491,93,1012,single,7,686.7071,83.2995,8,28,53,5480.88316
492,93,710,single,7,686.7071,97.271,8,28,53,5480.88316
493,94,309,single,8,685.7375,109.8214,5,28,54,5486.45375
494,94,117,single,8,685.7375,143.8876,5,28,54,5486.45375
495,94,106,single,8,685.7375,198.3324,5,28,54,5486.45375
496,94,1467,single,8,685.7375,27.9811,5,28,54,5486.45375
497,94,1038,single,8,685.7375,57.1801,5,28,54,5486.45375
498,94,1277,single,8,685.7375,68.91755,5,28,54,5486.45375
499,94,1246,single,8,685.7375,87.11141,5,28,54,5486.45375
500,94,743,single,8,685.7375,91.08482,5,28,54,5486.45375
501,95,397,single,7,687.1284,111.8809,19,28,53,5483.138
502,95,81,single,7,687.1284,150.2584,19,28,53,5483.138
503,95,688,single,7,687.1284,205.9082,19,28,53,5483.138
504,95,1502,single,7,687.1284,27.4513,19,28,53,5483.138
505,95,872,single,7,687.1284,59.90909,19,28,53,5483.138
506,95,966,single,7,687.1284,77.79991,19,28,53,5483.138
507,95,798,single,7,687.1284,85.57234,19,28,53,5483.138
508,96,1116,single,6,674.0832,103.2344,6,28,54,5468.21219
509,96,250,single,6,674.0832,111.6238,6,28,54,5468.21219
510,96,989,single,6,674.0832,145.244,6,28,54,5468.21219
511,96,444,single,6,674.0832,195.2001,6,28,54,5468.21219
512,96,576,single,6,674.0832,83.0389,6,28,54,5468.21219
513,96,787,single,6,674.0832,100.652,6,28,54,5468.21219
514,97,983,single,6,688.2206,111.6107,27,28,54,5492.42182
515,97,1430,single,6,688.2206,23.9433,27,28,54,5492.42182
516,97,1079,single,6,688.2206,59.92429,27,28,54,5492.42182
517,97,647,single,6,688.2206,99.4091,27,28,54,5492.42182
518,98,419,single,6,678.0182,111.6081,19,28,53,5483.138
519,98,1461,single,6,678.0182,27.9792,19,28,53,5483.138
520,98,1149,single,6,678.0182,62.6294,19,28,53,5483.138
521,98,365,single,6,678.0182,101.6421,19,28,53,5483.138
522,99,883,single,6,705.7393,111.2986,11,30,57,5524.91148
523,99,205,single,6,705.7393,142.5941,11,30,57,5524.91148
524,99,76,single,6,705.7393,198.4315,11,30,57,5524.91148
525,99,1442,single,6,705.7393,23.648,11,30,57,5524.91148
526,99,686,single,6,705.7393,47.331,11,30,57,5524.91148
527,99,945,single,6,705.7393,57.09097,11,30,57,5524.91148
528,100,884,single,6,687.80641,111.27876,26,28,52,5496.16321
529,100,111,single,6,687.80641,146.534,26,28,52,5496.16321
530,100,534,single,6,687.80641,194.5647,26,28,52,5496.16321
531,100,1346,single,6,687.80641,12.8947,26,28,52,5496.16321
532,100,808,single,6,687.80641,52.768,26,28,52,5496.16321
533,100,1152,single,6,687.80641,99.2019,26,28,52,5496.16321
534,101,535,single,7,682.6801,113.4029,25,28,52,5471.91851
535,101,80,single,7,682.6801,150.3797,25,28,52,5471.91851
536,101,890,single,7,682.6801,188.6264,25,28,52,5471.91851
537,101,1359,single,7,682.6801,12.5811,25,28,52,5471.91851
538,101,1131,single,7,682.6801,48.3901,25,28,52,5471.91851
539,101,1179,single,7,682.6801,64.308,25,28,52,5471.91851
540,101,56,single,7,682.6801,97.2976,25,28,52,5471.91851
541,102,533,single,6,687.053,113.4545,21,30,57,5514.70313
542,102,86,single,6,687.053,150.4488,21,30,57,5514.70313
543,102,821,single,6,687.053,188.5409,21,30,57,5514.70313
544,102,1428,single,6,687.053,23.9413,21,30,57,5514.70313
545,102,1262,single,6,687.053,61.3585,21,30,57,5514.70313
546,102,554,single,6,687.053,74.3822,21,30,57,5514.70313
547,103,448,single,9,680.18867,111.4942,4,28,53,5474.07182
548,103,204,single,9,680.18867,142.5013,4,28,53,5474.07182
549,103,564,single,9,680.18867,198.4857,4,28,53,5474.07182
550,103,1341,single,9,680.18867,12.8978,4,28,53,5474.07182
551,103,1201,single,9,680.18867,62.6966,4,28,53,5474.07182
552,103,1297,single,9,680.18867,62.9468,4,28,53,5474.07182
553,103,1128,single,9,680.18867,63.1898,4,28,53,5474.07182
554,103,1285,single,9,680.18867,73.1132,4,28,53,5474.07182
555,103,745,single,9,680.18867,99.5807,4,28,53,5474.07182
556,104,251,single,7,685.7962,111.6033,7,28,54,5479.27421
557,104,110,single,7,685.7962,146.5492,7,28,54,5479.27421
558,104,761,single,7,685.7962,194.4163,7,28,54,5479.27421
559,104,1440,single,7,685.7962,23.6595,7,28,54,5479.27421
560,104,1167,single,7,685.7962,71.88767,7,28,54,5479.27421
561,104,1086,single,7,685.7962,80.677,7,28,54,5479.27421
562,104,431,single,7,685.7962,80.9639,7,28,54,5479.27421
563,105,567,single,8,684.35842,113.7408,11,30,57,5524.91148
564,105,602,single,8,684.35842,161.0692,11,30,57,5524.91148
565,105,1344,single,8,684.35842,12.9048,11,30,57,5524.91148
566,105,578,single,8,684.35842,85.0163,11,30,57,5524.91148
567,105,1084,single,8,684.35842,92.1861,11,30,57,5524.91148
568,105,898,single,8,684.35842,94.5606,11,30,57,5524.91148
569,106,113,single,6,695.7695,140.4825,2,28,53,5483.41892
570,106,690,single,6,695.7695,205.537,2,28,53,5483.41892
571,106,1427,single,6,695.7695,23.9436,2,28,53,5483.41892
572,106,1330,single,6,695.7695,56.45791,2,28,53,5483.41892
573,106,1327,single,6,695.7695,56.99253,2,28,53,5483.41892
574,106,1238,single,6,695.7695,83.0237,2,28,53,5483.41892
575,107,565,single,7,687.22351,113.887,8,28,53,5480.88316
576,107,975,single,7,687.22351,153.3594,8,28,53,5480.88316
577,107,598,single,7,687.22351,185.5583,8,28,53,5480.88316
578,107,1015,single,7,687.22351,49.45336,8,28,53,5480.88316
579,107,1066,single,7,687.22351,89.08778,8,28,53,5480.88316
580,107,1023,single,7,687.22351,98.408,8,28,53,5480.88316
581,107,713,single,7,687.22351,101.6356,8,28,53,5480.88316
582,108,269,single,6,689.9283,139.6029,19,28,53,5483.138
583,108,470,single,6,689.9283,206.6837,19,28,53,5483.138
584,108,1429,single,6,689.9283,23.9338,19,28,53,5483.138
585,108,1133,single,6,689.9283,46.6002,19,28,53,5483.138
586,108,1315,single,6,689.9283,53.09914,19,28,53,5483.138
587,108,1020,single,6,689.9283,79.0464,19,28,53,5483.138
588,109,693,single,8,691.18307,106.5575,1,29,53,5501.04048
589,109,112,single,8,691.18307,140.4432,1,29,53,5501.04048
590,109,628,single,8,691.18307,189.9275,1,29,53,5501.04048
591,109,1229,single,8,691.18307,33.42487,1,29,53,5501.04048
592,109,475,single,8,691.18307,50.0459,1,29,53,5501.04048
593,109,487,single,8,691.18307,85.7465,1,29,53,5501.04048
594,109,513,single,8,691.18307,85.9653,1,29,53,5501.04048
595,109,1022,single,8,691.18307,98.4748,1,29,53,5501.04048
596,110,396,single,7,678.5146,112.1518,15,29,53,5481.7033
597,110,268,single,7,678.5146,139.5708,15,29,53,5481.7033
598,110,472,single,7,678.5146,206.6928,15,29,53,5481.7033
599,110,1136,single,7,678.5146,33.62777,15,29,53,5481.7033
600,110,1309,single,7,678.5146,49.3051,15,29,53,5481.7033
601,110,870,single,7,678.5146,70.6238,15,29,53,5481.7033
602,110,926,single,7,678.5146,93.1794,15,29,53,5481.7033
603,111,343,single,7,689.85497,114.73,19,28,53,5483.138
604,111,669,single,7,689.85497,161.3822,19,28,53,5483.138
605,111,949,single,7,689.85497,177.3086,19,28,53,5483.138
606,111,1362,single,7,689.85497,12.5774,19,28,53,5483.138
607,111,1360,single,7,689.85497,12.5927,19,28,53,5483.138
608,111,831,single,7,689.85497,85.71936,19,28,53,5483.138
609,111,832,single,7,689.85497,95.9385,19,28,53,5483.138
610,112,342,single,7,685.71556,114.6727,10,30,55,5473.58338
611,112,600,single,7,685.71556,161.2237,10,30,55,5473.58338
612,112,758,single,7,685.71556,177.5816,10,30,55,5473.58338
613,112,1324,single,7,685.71556,48.7994,10,30,55,5473.58338
614,112,1205,single,7,685.71556,59.5107,10,30,55,5473.58338
615,112,1174,single,7,685.71556,71.9399,10,30,55,5473.58338
616,112,968,single,7,685.71556,96.35234,10,30,55,5473.58338
617,113,695,single,7,686.79035,106.5277,9,30,56,5507.98652
618,113,1379,single,7,686.79035,12.1976,9,30,56,5507.98652
619,113,1363,single,7,686.79035,12.5873,9,30,56,5507.98652
620,113,1145,single,7,686.79035,70.1286,9,30,56,5507.98652
621,113,423,single,7,686.79035,97.6776,9,30,56,5507.98652
622,114,172,single,7,682.3909,115.6955,13,28,52,5479.53835
623,114,25,single,7,682.3909,150.8759,13,28,52,5479.53835
624,114,791,single,7,682.3909,187.1451,13,28,52,5479.53835
625,114,1468,single,7,682.3909,27.9858,13,28,52,5479.53835
626,114,1000,single,7,682.3909,44.3221,13,28,52,5479.53835
627,114,1264,single,7,682.3909,65.7261,13,28,52,5479.53835
628,114,736,single,7,682.3909,77.2863,13,28,52,5479.53835
629,115,458,single,6,699.1148,115.481,9,30,56,5507.98652
630,115,1018,single,6,699.1148,151.1829,9,30,56,5507.98652
631,115,790,single,6,699.1148,187.0854,9,30,56,5507.98652
632,115,665,single,6,699.1148,44.146,9,30,56,5507.98652
633,115,697,single,6,699.1148,44.2708,9,30,56,5507.98652
634,115,484,single,6,699.1148,101.3941,9,30,56,5507.98652
635,116,240,single,6,690.9168,106.3634,12,29,54,5486.08678
636,116,1082,single,6,690.9168,139.0968,12,29,54,5486.08678
637,116,594,single,6,690.9168,208.3914,12,29,54,5486.08678
638,116,1474,single,6,690.9168,27.7125,12,29,54,5486.08678
639,116,721,single,6,690.9168,52.481,12,29,54,5486.08678
640,116,313,single,6,690.9168,101.2986,12,29,54,5486.08678
641,117,173,single,8,679.9467,115.6707,20,30,56,5489.5818
642,117,214,single,8,679.9467,152.1361,20,30,56,5489.5818
643,117,1443,single,8,679.9467,23.6526,20,30,56,5489.5818
644,117,1147,single,8,679.9467,68.775,20,30,56,5489.5818
645,117,910,single,8,679.9467,81.59172,20,30,56,5489.5818
646,117,671,single,8,679.9467,97.52683,20,30,56,5489.5818
647,118,661,single,7,692.04026,106.2782,18,30,55,5499.01081
648,118,593,single,7,692.04026,56.012,18,30,55,5499.01081
649,118,838,single,7,692.04026,73.4205,18,30,55,5499.01081
650,118,766,single,7,692.04026,79.4483,18,30,55,5499.01081
651,118,608,single,7,692.04026,80.6747,18,30,55,5499.01081
652,119,241,single,7,687.6677,106.2282,10,30,55,5473.58338
653,119,389,single,7,687.6677,118.3256,10,30,55,5473.58338
654,119,91,single,7,687.6677,139.0929,10,30,55,5473.58338
655,119,592,single,7,687.6677,208.6793,10,30,55,5473.58338
656,119,1041,single,7,687.6677,40.09409,10,30,55,5473.58338
657,119,984,single,7,687.6677,86.0599,10,30,55,5473.58338
658,119,453,single,7,687.6677,89.8592,10,30,55,5473.58338
659,120,459,single,8,684.2707,115.4603,6,28,54,5468.21219
660,120,24,single,8,684.2707,150.8607,6,28,54,5468.21219
661,120,784,single,8,684.2707,187.7526,6,28,54,5468.21219
662,120,1306,single,8,684.2707,49.5367,6,28,54,5468.21219
663,120,843,single,8,684.2707,62.27952,6,28,54,5468.21219
664,120,1313,single,8,684.2707,85.9104,6,28,54,5468.21219
665,120,480,single,8,684.2707,85.9635,6,28,54,5468.21219
666,120,1057,single,8,684.2707,87.00726,6,28,54,5468.21219
667,121,300,single,8,689.851,127.4675,3,30,55,5482.9233
668,121,1498,single,8,689.851,27.4554,3,30,55,5482.9233
669,121,557,single,8,689.851,51.655,3,30,55,5482.9233
670,121,1273,single,8,689.851,63.7621,3,30,55,5482.9233
671,121,1288,single,8,689.851,64.9287,3,30,55,5482.9233
672,121,522,single,8,689.851,78.742,3,30,55,5482.9233
673,122,301,single,6,684.66229,127.5442,4,28,53,5474.07182
674,122,1354,single,6,684.66229,12.5755,4,28,53,5474.07182
675,122,1059,single,6,684.66229,61.1178,4,28,53,5474.07182
676,122,401,single,6,684.66229,84.4426,4,28,53,5474.07182
677,123,457,single,6,685.2489,105.8179,22,28,53,5507.44052
678,123,118,single,6,685.2489,138.4171,22,28,53,5507.44052
679,123,500,single,6,685.2489,210.1307,22,28,53,5507.44052
680,123,1228,single,6,685.2489,39.73129,22,28,53,5507.44052
681,123,1257,single,6,685.2489,49.9243,22,28,53,5507.44052
682,123,739,single,6,685.2489,79.2184,22,28,53,5507.44052
683,124,454,single,6,686.18362,105.9863,8,28,53,5480.88316
684,124,182,single,6,686.18362,138.2592,8,28,53,5480.88316
685,124,502,single,6,686.18362,210.2038,8,28,53,5480.88316
686,124,1504,single,6,686.18362,27.4549,8,28,53,5480.88316
687,124,889,single,6,686.18362,43.7143,8,28,53,5480.88316
688,124,516,single,6,686.18362,101.4423,8,28,53,5480.88316
689,125,455,single,7,696.4165,105.9285,16,28,51,5501.72531
690,125,119,single,7,696.4165,138.3642,16,28,51,5501.72531
691,125,357,single,7,696.4165,210.1666,16,28,51,5501.72531
692,125,1483,single,7,696.4165,27.7104,16,28,51,5501.72531
693,125,1094,single,7,696.4165,78.4778,16,28,51,5501.72531
694,125,610,single,7,696.4165,80.6271,16,28,51,5501.72531
695,125,249,single,7,696.4165,94.4633,16,28,51,5501.72531
696,126,368,single,7,688.038,116.4988,6,28,54,5468.21219
697,126,936,single,7,688.038,161.8737,6,28,54,5468.21219
698,126,17,single,7,688.038,176.1,6,28,54,5468.21219
699,126,1098,single,7,688.038,45.6681,6,28,54,5468.21219
700,126,1192,single,7,688.038,59.7872,6,28,54,5468.21219
701,126,1102,single,7,688.038,66.2738,6,28,54,5468.21219
702,126,362,single,7,688.038,93.8175,6,28,54,5468.21219
703,127,369,single,6,684.54977,116.6223,23,28,52,5471.33706
704,127,238,single,6,684.54977,158.951,23,28,52,5471.33706
705,127,662,single,6,684.54977,178.9051,23,28,52,5471.33706
706,127,1485,single,6,684.54977,27.6251,23,28,52,5471.33706
707,127,1243,single,6,684.54977,45.8777,23,28,52,5471.33706
708,127,806,single,6,684.54977,73.2219,23,28,52,5471.33706
709,128,456,single,6,684.14186,106.0684,24,28,52,5485.61659
710,128,1032,single,6,684.14186,138.4708,24,28,52,5485.61659
711,128,386,single,6,684.14186,209.9738,24,28,52,5485.61659
712,128,1491,single,6,684.14186,27.6226,24,28,52,5485.61659
713,128,601,single,6,684.14186,45.683,24,28,52,5485.61659
714,128,248,single,6,684.14186,94.681,24,28,52,5485.61659
715,129,955,single,7,684.84041,105.7606,2,28,53,5483.41892
716,129,90,single,7,684.84041,139.0284,2,28,53,5483.41892
717,129,387,single,7,684.84041,209.7867,2,28,53,5483.41892
718,129,1397,single,7,684.84041,20.3676,2,28,53,5483.41892
719,129,1275,single,7,684.84041,48.2792,2,28,53,5483.41892
720,129,871,single,7,684.84041,70.5751,2,28,53,5483.41892
721,129,795,single,7,684.84041,97.9267,2,28,53,5483.41892
722,130,663,single,7,685.29154,106.193,16,28,51,5501.72531
723,130,174,single,7,685.29154,138.1982,16,28,51,5501.72531
724,130,356,single,7,685.29154,210.2333,16,28,51,5501.72531
725,130,1391,single,7,685.29154,20.3675,16,28,51,5501.72531
726,130,1142,single,7,685.29154,48.4387,16,28,51,5501.72531
727,130,1170,single,7,685.29154,69.1832,16,28,51,5501.72531
728,130,805,single,7,685.29154,97.8565,16,28,51,5501.72531
729,131,929,single,7,687.14321,116.8811,19,28,53,5483.138
730,131,732,single,7,687.14321,157.2764,19,28,53,5483.138
731,131,848,single,7,687.14321,180.564,19,28,53,5483.138
732,131,1438,single,7,687.14321,23.6461,19,28,53,5483.138
733,131,749,single,7,687.14321,53.2296,19,28,53,5483.138
734,131,1222,single,7,687.14321,88.80134,19,28,53,5483.138
735,131,1065,single,7,687.14321,89.2652,19,28,53,5483.138
736,132,27,single,6,684.4586,105.0616,3,30,55,5482.9233
737,132,175,single,6,684.4586,138.1856,3,30,55,5482.9233
738,132,74,single,6,684.4586,211.6944,3,30,55,5482.9233
739,132,1437,single,6,684.4586,23.6596,3,30,55,5482.9233
740,132,1164,single,6,684.4586,55.82515,3,30,55,5482.9233
741,132,1091,single,6,684.4586,96.9862,3,30,55,5482.9233
742,133,956,single,7,686.4882,105.6527,21,30,57,5514.70313
743,133,1030,single,7,686.4882,138.1946,21,30,57,5514.70313
744,133,72,single,7,686.4882,211.6275,21,30,57,5514.70313
745,133,1376,single,7,686.4882,12.2246,21,30,57,5514.70313
746,133,723,single,7,686.4882,52.4442,21,30,57,5514.70313
747,133,105,single,7,686.4882,81.4691,21,30,57,5514.70313
748,133,979,single,7,686.4882,89.9805,21,30,57,5514.70313
749,134,358,single,8,687.89744,118.447,20,30,56,5489.5818
750,134,763,single,8,687.89744,158.0269,20,30,56,5489.5818
751,134,476,single,8,687.89744,179.5811,20,30,56,5489.5818
752,134,1486,single,8,687.89744,27.6384,20,30,56,5489.5818
753,134,1129,single,8,687.89744,63.1881,20,30,56,5489.5818
754,134,1234,single,8,687.89744,78.6681,20,30,56,5489.5818
755,134,1026,single,8,687.89744,89.37556,20,30,56,5489.5818
756,134,772,single,8,687.89744,97.3671,20,30,56,5489.5818
757,135,359,single,6,685.0217,118.3493,5,28,54,5486.45375
758,135,762,single,6,685.0217,158.0183,5,28,54,5486.45375
759,135,905,single,6,685.0217,179.7017,5,28,54,5486.45375
760,135,1069,single,6,685.0217,51.1651,5,28,54,5486.45375
761,135,875,single,6,685.0217,61.95143,5,28,54,5486.45375
762,135,367,single,6,685.0217,101.5686,5,28,54,5486.45375
763,136,388,single,6,681.30744,118.2737,10,30,55,5473.58338
764,136,733,single,6,681.30744,157.2554,10,30,55,5473.58338
765,136,850,single,6,681.30744,180.5709,10,30,55,5473.58338
766,136,1447,single,6,681.30744,23.6367,10,30,55,5473.58338
767,136,974,single,6,681.30744,42.47607,10,30,55,5473.58338
768,136,672,single,6,681.30744,78.8171,10,30,55,5473.58338
769,137,1101,single,6,684.0099,118.5527,4,28,53,5474.07182
770,137,668,single,6,684.0099,161.4295,4,28,53,5474.07182
771,137,16,single,6,684.0099,176.1495,4,28,53,5474.07182
772,137,1454,single,6,684.0099,23.4352,4,28,53,5474.07182
773,137,1244,single,6,684.0099,49.5474,4,28,53,5474.07182
774,137,882,single,6,684.0099,95.8925,4,28,53,5474.07182
775,138,215,single,7,693.17566,152.1855,16,28,51,5501.72531
776,138,596,single,7,693.17566,185.6297,16,28,51,5501.72531
777,138,1424,single,7,693.17566,23.952,16,28,51,5501.72531
778,138,1072,single,7,693.17566,43.7312,16,28,51,5501.72531
779,138,531,single,7,693.17566,58.2883,16,28,51,5501.72531
780,138,614,single,7,693.17566,95.24626,16,28,51,5501.72531
781,138,858,single,7,693.17566,98.583,16,28,51,5501.72531
782,139,471,single,7,683.5132,118.7039,28,30,56,5490.10547
783,139,150,single,7,683.5132,164.8545,28,30,56,5490.10547
784,139,541,single,7,683.5132,172.6008,28,30,56,5490.10547
785,139,526,single,7,683.5132,51.3055,28,30,56,5490.10547
786,139,1125,single,7,683.5132,52.532,28,30,56,5490.10547
787,139,682,single,7,683.5132,71.1779,28,30,56,5490.10547
788,139,1075,single,7,683.5132,94.3646,28,30,56,5490.10547
789,140,473,single,7,695.92449,118.6237,26,28,52,5496.16321
790,140,1099,single,7,695.92449,157.8368,26,28,52,5496.16321
791,140,474,single,7,695.92449,179.7017,26,28,52,5496.16321
792,140,1392,single,7,695.92449,20.376,26,28,52,5496.16321
793,140,767,single,7,695.92449,79.3653,26,28,52,5496.16321
794,140,951,single,7,695.92449,79.47566,26,28,52,5496.16321
795,140,789,single,7,695.92449,100.5836,26,28,52,5496.16321
796,141,938,single,6,686.4381,118.8125,17,30,54,5485.60658
797,141,151,single,6,686.4381,164.8816,17,30,54,5485.60658
798,141,177,single,6,686.4381,172.5667,17,30,54,5485.60658
799,141,1446,single,6,686.4381,23.6533,17,30,54,5485.60658
800,141,1256,single,6,686.4381,48.584,17,30,54,5485.60658
801,141,550,single,6,686.4381,98.0463,17,30,54,5485.60658
802,142,503,single,6,707.6109,119.0074,22,28,53,5507.44052
803,142,146,single,6,707.6109,147.2995,22,28,53,5507.44052
804,142,1100,single,6,707.6109,158.2327,22,28,53,5507.44052
805,142,1431,single,6,707.6109,23.9427,22,28,53,5507.44052
806,142,1499,single,6,707.6109,27.4566,22,28,53,5507.44052
807,142,716,single,6,707.6109,53.9952,22,28,53,5507.44052
808,143,501,single,7,685.0702,118.958,23,28,52,5471.33706
809,143,79,single,7,685.0702,159.4401,23,28,52,5471.33706
810,143,47,single,7,685.0702,177.9404,23,28,52,5471.33706
811,143,1444,single,7,685.0702,23.6561,23,28,52,5471.33706
812,143,1110,single,7,685.0702,54.92275,23,28,52,5471.33706
813,143,917,single,7,685.0702,65.5028,23,28,52,5471.33706
814,143,1281,single,7,685.0702,95.6276,23,28,52,5471.33706
815,144,1064,single,6,683.27108,119.2185,7,28,54,5479.27421
816,144,270,single,6,683.27108,166.0313,7,28,54,5479.27421
817,144,756,single,6,683.27108,177.9468,7,28,54,5479.27421
818,144,1439,single,6,683.27108,23.6555,7,28,54,5479.27421
819,144,525,single,6,683.27108,57.0029,7,28,54,5479.27421
820,144,865,single,6,683.27108,92.4637,7,28,54,5479.27421
821,145,970,single,7,687.91996,105.051,13,28,52,5479.53835
822,145,1031,single,7,687.91996,138.0778,13,28,52,5479.53835
823,145,626,single,7,687.91996,213.5566,13,28,52,5479.53835
824,145,1412,single,7,687.91996,24.4118,13,28,52,5479.53835
825,145,537,single,7,687.91996,47.546,13,28,52,5479.53835
826,145,1266,single,7,687.91996,73.66326,13,28,52,5479.53835
827,145,709,single,7,687.91996,97.1818,13,28,52,5479.53835
828,146,48,single,7,688.90901,119.8868,15,29,53,5481.7033
829,146,78,single,7,688.90901,159.3039,15,29,53,5481.7033
830,146,947,single,7,688.90901,171.1454,15,29,53,5481.7033
831,146,919,single,7,688.90901,43.02746,15,29,53,5481.7033
832,146,1007,single,7,688.90901,76.38503,15,29,53,5481.7033
833,146,370,single,7,688.90901,80.9265,15,29,53,5481.7033
834,146,835,single,7,688.90901,95.8344,15,29,53,5481.7033
835,147,49,single,7,682.6748,119.8472,1,29,53,5501.04048
836,147,788,single,7,682.6748,168.0381,1,29,53,5501.04048
837,147,84,single,7,682.6748,169.1865,1,29,53,5501.04048
838,147,1316,single,7,682.6748,47.2042,1,29,53,5501.04048
839,147,1146,single,7,682.6748,68.6663,1,29,53,5501.04048
840,147,1121,single,7,682.6748,76.2167,1,29,53,5501.04048
841,147,771,single,7,682.6748,97.3962,1,29,53,5501.04048
842,148,26,single,6,684.59336,104.9939,12,29,54,5486.08678
843,148,183,single,6,684.59336,137.9587,12,29,54,5486.08678
844,148,624,single,6,684.59336,214.1199,12,29,54,5486.08678
845,148,960,single,6,684.59336,42.7617,12,29,54,5486.08678
846,148,1124,single,6,684.59336,60.1975,12,29,54,5486.08678
847,148,702,single,6,684.59336,101.5189,12,29,54,5486.08678
848,149,969,single,6,674.4473,104.9403,23,28,52,5471.33706
849,149,246,single,6,674.4473,137.4969,23,28,52,5471.33706
850,149,136,single,6,674.4473,214.637,23,28,52,5471.33706
851,149,1445,single,6,674.4473,23.643,23,28,52,5471.33706
852,149,1206,single,6,674.4473,59.5171,23,28,52,5471.33706
853,149,644,single,6,674.4473,99.4075,23,28,52,5471.33706
854,150,552,single,6,681.9271,104.8632,10,30,55,5473.58338
855,150,482,single,6,681.9271,106.587,10,30,55,5473.58338
856,150,247,single,6,681.9271,137.4574,10,30,55,5473.58338
857,150,138,single,6,681.9271,214.7686,10,30,55,5473.58338
858,150,547,single,6,681.9271,82.7815,10,30,55,5473.58338
859,150,485,single,6,681.9271,101.3127,10,30,55,5473.58338
860,151,511,single,8,683.6967,106.7121,5,28,54,5486.45375
861,151,243,single,8,683.6967,120.1801,5,28,54,5486.45375
862,151,1003,single,8,683.6967,159.0017,5,28,54,5486.45375
863,151,1464,single,8,683.6967,27.9834,5,28,54,5486.45375
864,151,1253,single,8,683.6967,70.40759,5,28,54,5486.45375
865,151,1240,single,8,683.6967,91.34956,5,28,54,5486.45375
866,152,372,single,7,690.68024,104.2306,24,28,52,5485.61659
867,152,637,single,7,690.68024,167.0605,24,28,52,5485.61659
868,152,1436,single,7,690.68024,23.649,24,28,52,5485.61659
869,152,1326,single,7,690.68024,56.99653,24,28,52,5485.61659
870,152,607,single,7,690.68024,100.0714,24,28,52,5485.61659
871,153,399,single,6,686.9825,120.2766,3,30,55,5482.9233
872,153,698,single,6,686.9825,156.4669,3,30,55,5482.9233
873,153,206,single,6,686.9825,180.6562,3,30,55,5482.9233
874,153,1208,single,6,686.9825,45.8439,3,30,55,5482.9233
875,153,1180,single,6,686.9825,55.3226,3,30,55,5482.9233
876,153,1231,single,6,686.9825,84.9505,3,30,55,5482.9233
877,154,245,single,7,688.0382,120.2869,11,30,57,5524.91148
878,154,239,single,7,688.0382,159.0196,11,30,57,5524.91148
879,154,46,single,7,688.0382,178.1,11,30,57,5524.91148
880,154,1035,single,7,688.0382,40.11649,11,30,57,5524.91148
881,154,1191,single,7,688.0382,55.47676,11,30,57,5524.91148
882,154,776,single,7,688.0382,74.2319,11,30,57,5524.91148
883,154,742,single,7,688.0382,91.18451,11,30,57,5524.91148
884,155,242,single,6,684.8449,120.3111,4,28,53,5474.07182
885,155,271,single,6,684.8449,165.8879,4,28,53,5474.07182
886,155,948,single,6,684.8449,171.2256,4,28,53,5474.07182
887,155,1434,single,6,684.8449,23.942,4,28,53,5474.07182
888,155,1242,single,6,684.8449,59.7102,4,28,53,5474.07182
889,155,203,single,6,684.8449,80.836,4,28,53,5474.07182
890,156,244,single,7,685.60349,120.4111,24,28,52,5485.61659
891,156,906,single,7,685.60349,179.7316,24,28,52,5485.61659
892,156,1496,single,7,685.60349,27.4548,24,28,52,5485.61659
893,156,1202,single,7,685.60349,52.8885,24,28,52,5485.61659
894,156,904,single,7,685.60349,81.9806,24,28,52,5485.61659
895,157,335,single,8,682.80948,120.4824,23,28,52,5471.33706
896,157,696,single,8,682.80948,156.4832,23,28,52,5471.33706
897,157,207,single,8,682.80948,180.5887,23,28,52,5471.33706
898,157,1462,single,8,682.80948,27.986,23,28,52,5471.33706
899,157,1126,single,8,682.80948,56.16231,23,28,52,5471.33706
900,157,1295,single,8,682.80948,64.9745,23,28,52,5471.33706
901,157,618,single,8,682.80948,72.5622,23,28,52,5471.33706
902,157,741,single,8,682.80948,91.17708,23,28,52,5471.33706
903,158,334,single,8,682.266,120.6056,21,30,57,5514.70313
904,158,963,single,8,682.266,168.0879,21,30,57,5514.70313
905,158,536,single,8,682.266,168.9011,21,30,57,5514.70313
906,158,1270,single,8,682.266,41.59,21,30,57,5514.70313
907,158,783,single,8,682.266,51.0509,21,30,57,5514.70313
908,158,944,single,8,682.266,75.01994,21,30,57,5514.70313
909,158,828,single,8,682.266,85.80092,21,30,57,5514.70313
910,158,769,single,8,682.266,86.99068,21,30,57,5514.70313
911,159,337,single,6,683.45404,120.6025,20,30,56,5489.5818
912,159,786,single,6,683.45404,168.2816,20,30,56,5489.5818
913,159,538,single,6,683.45404,168.7595,20,30,56,5489.5818
914,159,1459,single,6,683.45404,23.4302,20,30,56,5489.5818
915,159,1482,single,6,683.45404,27.7122,20,30,56,5489.5818
916,159,1236,single,6,683.45404,95.888,20,30,56,5489.5818
917,160,336,single,7,700.97822,120.7163,11,30,57,5524.91148
918,160,976,single,7,700.97822,153.6065,11,30,57,5524.91148
919,160,692,single,7,700.97822,183.3647,11,30,57,5524.91148
920,160,1338,single,7,700.97822,44.0537,11,30,57,5524.91148
921,160,555,single,7,700.97822,74.1917,11,30,57,5524.91148
922,160,991,single,7,700.97822,80.2726,11,30,57,5524.91148
923,160,583,single,7,700.97822,97.9649,11,30,57,5524.91148
924,161,331,single,6,684.5177,102.9726,24,28,52,5485.61659
925,161,186,single,6,684.5177,120.9534,24,28,52,5485.61659
926,161,924,single,6,684.5177,167.5873,24,28,52,5485.61659
927,161,85,single,6,684.5177,169.1878,24,28,52,5485.61659
928,161,1321,single,6,684.5177,46.9947,24,28,52,5485.61659
929,161,425,single,6,684.5177,89.9543,24,28,52,5485.61659
930,162,187,single,7,685.43764,120.9249,10,30,55,5473.58338
931,162,636,single,7,685.43764,167.1456,10,30,55,5473.58338
932,162,1383,single,7,685.43764,12.2254,10,30,55,5473.58338
933,162,918,single,7,685.43764,49.8647,10,30,55,5473.58338
934,162,705,single,7,685.43764,80.8605,10,30,55,5473.58338
935,163,605,single,7,693.62879,166.3012,6,28,54,5468.21219
936,163,568,single,7,693.62879,170.2679,6,28,54,5468.21219
937,163,1450,single,7,693.62879,23.4412,6,28,54,5468.21219
938,163,689,single,7,693.62879,54.3001,6,28,54,5468.21219
939,163,529,single,7,693.62879,58.3205,6,28,54,5468.21219
940,163,201,single,7,693.62879,81.0636,6,28,54,5468.21219
941,163,1055,single,7,693.62879,97.3963,6,28,54,5468.21219
942,164,115,single,7,683.9658,121.8416,17,30,54,5485.60658
943,164,793,single,7,683.9658,153.6114,17,30,54,5485.60658
944,164,694,single,7,683.9658,183.0266,17,30,54,5485.60658
945,164,1310,single,7,683.9658,49.3043,17,30,54,5485.60658
946,164,971,single,7,683.9658,84.6689,17,30,54,5485.60658
947,164,137,single,7,683.9658,87.3875,17,30,54,5485.60658
948,164,548,single,7,683.9658,97.9481,17,30,54,5485.60658
949,165,1019,single,7,684.9592,122.3521,18,30,55,5499.01081
950,165,604,single,7,684.9592,166.333,18,30,55,5499.01081
951,165,570,single,7,684.9592,170.1752,18,30,55,5499.01081
952,165,1269,single,7,684.9592,43.9495,18,30,55,5499.01081
953,165,987,single,7,684.9592,73.3783,18,30,55,5499.01081
954,165,675,single,7,684.9592,78.7351,18,30,55,5499.01081
955,165,360,single,7,684.9592,93.8313,18,30,55,5499.01081
956,166,18,single,7,686.6499,122.4558,15,29,53,5481.7033
957,166,934,single,7,686.6499,162.0539,15,29,53,5481.7033
958,166,880,single,7,686.6499,174.446,15,29,53,5481.7033
959,166,1132,single,7,686.6499,46.5985,15,29,53,5481.7033
960,166,1274,single,7,686.6499,65.7755,15,29,53,5481.7033
961,166,985,single,7,686.6499,74.06954,15,29,53,5481.7033
962,166,517,single,7,686.6499,101.4553,15,29,53,5481.7033
963,167,19,single,8,683.5766,122.5056,13,28,52,5479.53835
964,167,1004,single,8,683.5766,155.5504,13,28,52,5479.53835
965,167,504,single,8,683.5766,180.9158,13,28,52,5479.53835
966,167,851,single,8,683.5766,40.9091,13,28,52,5479.53835
967,167,840,single,8,683.5766,60.43869,13,28,52,5479.53835
968,167,1185,single,8,683.5766,65.3232,13,28,52,5479.53835
969,167,1118,single,8,683.5766,72.3209,13,28,52,5479.53835
970,167,1308,single,8,683.5766,86.1518,13,28,52,5479.53835
971,168,211,single,6,684.56721,135.4799,22,28,53,5507.44052
972,168,1002,single,6,684.56721,155.6285,22,28,53,5507.44052
973,168,506,single,6,684.56721,180.6876,22,28,53,5507.44052
974,168,1449,single,6,684.56721,23.4429,22,28,53,5507.44052
975,168,717,single,6,684.56721,53.9639,22,28,53,5507.44052
976,168,864,single,6,684.56721,92.4788,22,28,53,5507.44052
977,169,885,single,7,682.04835,122.8621,12,29,54,5486.08678
978,169,666,single,7,682.04835,155.19,12,29,54,5486.08678
979,169,108,single,7,682.04835,181.0429,12,29,54,5486.08678
980,169,1453,single,7,682.04835,23.4337,12,29,54,5486.08678
981,169,1060,single,7,682.04835,58.8691,12,29,54,5486.08678
982,169,1196,single,7,682.04835,67.0597,12,29,54,5486.08678
983,169,711,single,7,682.04835,97.2717,12,29,54,5486.08678
984,170,88,single,8,681.3684,122.8569,8,28,53,5480.88316
985,170,664,single,8,681.3684,155.2725,8,28,53,5480.88316
986,170,109,single,8,681.3684,181.0358,8,28,53,5480.88316
987,170,1457,single,8,681.3684,23.4272,8,28,53,5480.88316
988,170,561,single,8,681.3684,58.4019,8,28,53,5480.88316
989,170,1194,single,8,681.3684,63.9158,8,28,53,5480.88316
990,170,807,single,8,681.3684,73.1751,8,28,53,5480.88316
991,170,452,single,8,681.3684,89.9996,8,28,53,5480.88316
992,171,398,single,6,687.24703,120.2658,1,29,53,5501.04048
993,171,1415,single,6,687.24703,24.427,1,29,53,5501.04048
994,171,1162,single,6,687.24703,55.8279,1,29,53,5501.04048
995,171,428,single,6,687.24703,97.7465,1,29,53,5501.04048
996,172,236,single,6,685.8235,127.0369,26,28,52,5496.16321
997,172,751,single,6,685.8235,48.926,26,28,52,5496.16321
998,172,443,single,6,685.8235,53.4841,26,28,52,5496.16321
999,172,1008,single,6,685.8235,93.98985,26,28,52,5496.16321
1000,173,282,single,8,680.0789,123.9339,27,28,54,5492.42182
1001,173,478,single,8,680.0789,181.5367,27,28,54,5492.42182
1002,173,653,single,8,680.0789,54.6844,27,28,54,5492.42182
1003,173,1265,single,8,680.0789,65.7271,27,28,54,5492.42182
1004,173,862,single,8,680.0789,84.57784,27,28,54,5492.42182
1005,173,803,single,8,680.0789,93.615,27,28,54,5492.42182
1006,174,1049,single,7,687.1896,123.9894,18,30,55,5499.01081
1007,174,853,single,7,687.1896,181.5421,18,30,55,5499.01081
1008,174,1460,single,7,687.1896,27.9901,18,30,55,5499.01081
1009,174,1092,single,7,687.1896,37.61389,18,30,55,5499.01081
1010,174,1215,single,7,687.1896,55.8309,18,30,55,5499.01081
1011,175,208,single,6,679.9309,124.1115,13,28,52,5479.53835
1012,175,632,single,6,679.9309,162.6169,13,28,52,5479.53835
1013,175,573,single,6,679.9309,173.3066,13,28,52,5479.53835
1014,175,1388,single,6,679.9309,20.3805,13,28,52,5479.53835
1015,175,780,single,6,679.9309,62.57118,13,28,52,5479.53835
1016,175,913,single,6,679.9309,93.9967,13,28,52,5479.53835
1017,176,283,single,7,693.0629,123.9283,9,30,56,5507.98652
1018,176,141,single,7,693.0629,154.6888,9,30,56,5507.98652
1019,176,852,single,7,693.0629,181.4455,9,30,56,5507.98652
1020,176,1068,single,7,693.0629,54.99788,9,30,56,5507.98652
1021,176,1089,single,7,693.0629,80.671,9,30,56,5507.98652
1022,176,281,single,7,693.0629,98.8008,9,30,56,5507.98652
1023,176,744,single,7,693.0629,99.6393,9,30,56,5507.98652
1024,177,209,single,7,678.22284,123.8939,10,30,55,5473.58338
1025,177,140,single,7,678.22284,154.7615,10,30,55,5473.58338
1026,177,479,single,7,678.22284,181.4372,10,30,55,5473.58338
1027,177,1317,single,7,678.22284,49.2338,10,30,55,5473.58338
1028,177,1165,single,7,678.22284,64.7525,10,30,55,5473.58338
1029,177,957,single,7,678.22284,84.0987,10,30,55,5473.58338
1030,177,495,single,7,678.22284,99.4438,10,30,55,5473.58338
1031,178,914,single,7,692.57228,104.66792,1,29,53,5501.04048
1032,178,114,single,7,692.57228,121.8688,1,29,53,5501.04048
1033,178,731,single,7,692.57228,42.9151,1,29,53,5501.04048
1034,178,1263,single,7,692.57228,85.9288,1,29,53,5501.04048
1035,178,481,single,7,692.57228,85.9477,1,29,53,5501.04048
1036,179,915,single,8,692.47979,104.75259,28,30,56,5490.10547
1037,179,1389,single,8,692.47979,20.3743,28,30,56,5490.10547
1038,179,1203,single,8,692.47979,55.25204,28,30,56,5490.10547
1039,179,1226,single,8,692.47979,65.0313,28,30,56,5490.10547
1040,179,1255,single,8,692.47979,66.4616,28,30,56,5490.10547
1041,179,896,single,8,692.47979,76.0664,28,30,56,5490.10547
1042,180,328,single,7,687.08678,127.4609,17,30,54,5485.60658
1043,180,1134,single,7,687.08678,55.84436,17,30,54,5485.60658
1044,180,1218,single,7,687.08678,61.6744,17,30,54,5485.60658
1045,180,1161,single,7,687.08678,72.2715,17,30,54,5485.60658
1046,180,706,single,7,687.08678,88.51993,17,30,54,5485.60658
1047,181,553,single,6,685.4139,104.7992,15,29,53,5481.7033
1048,181,477,single,6,685.4139,49.961,15,29,53,5481.7033
1049,181,1307,single,6,685.4139,57.52738,15,29,53,5481.7033
1050,181,931,single,6,685.4139,68.838,15,29,53,5481.7033
1051,182,639,single,10,688.0415,104.1986,9,30,56,5507.98652
1052,182,82,single,10,688.0415,136.9986,9,30,56,5507.98652
1053,182,530,single,10,688.0415,219.1277,9,30,56,5507.98652
1054,182,1396,single,10,688.0415,20.3621,9,30,56,5507.98652
1055,182,1113,single,10,688.0415,56.98538,9,30,56,5507.98652
1056,182,1217,single,10,688.0415,63.9461,9,30,56,5507.98652
1057,182,1045,single,10,688.0415,63.9926,9,30,56,5507.98652
1058,182,903,single,10,688.0415,64.3317,9,30,56,5507.98652
1059,182,515,single,10,688.0415,85.7589,9,30,56,5507.98652
1060,182,830,single,10,688.0415,85.79157,9,30,56,5507.98652
1061,183,373,single,6,681.38408,104.1889,9,30,56,5507.98652
1062,183,83,single,6,681.38408,136.8476,9,30,56,5507.98652
1063,183,528,single,6,681.38408,219.2958,9,30,56,5507.98652
1064,183,750,single,6,681.38408,48.9861,9,30,56,5507.98652
1065,183,1140,single,6,681.38408,60.5126,9,30,56,5507.98652
1066,183,868,single,6,681.38408,96.6714,9,30,56,5507.98652
1067,184,603,single,5,684.4881,45.708,16,28,51,5501.72531
1068,184,1312,single,5,684.4881,57.26198,16,28,51,5501.72531
1069,184,1251,single,5,684.4881,72.8963,16,28,51,5501.72531
1070,185,307,single,6,682.78584,125.8162,6,28,54,5468.21219
1071,185,634,single,6,682.78584,162.4353,6,28,54,5468.21219
1072,185,572,single,6,682.78584,173.3784,6,28,54,5468.21219
1073,185,1250,single,6,682.78584,48.0498,6,28,54,5468.21219
1074,185,413,single,6,682.78584,53.6396,6,28,54,5468.21219
1075,185,1112,single,6,682.78584,76.6092,6,28,54,5468.21219
1076,186,306,single,7,676.9741,125.9548,3,30,55,5482.9233
1077,186,701,single,7,676.9741,162.1417,3,30,55,5482.9233
1078,186,724,single,7,676.9741,173.665,3,30,55,5482.9233
1079,186,1318,single,7,676.9741,49.7246,3,30,55,5482.9233
1080,186,1077,single,7,676.9741,63.4393,3,30,55,5482.9233
1081,186,997,single,7,676.9741,84.6635,3,30,55,5482.9233
1082,186,912,single,7,676.9741,94.0026,3,30,55,5482.9233
1083,187,1135,single,5,694.0601,39.95224,13,28,52,5479.53835
1084,187,1323,single,5,694.0601,49.6576,13,28,52,5479.53835
1085,187,646,single,5,694.0601,99.5105,13,28,52,5479.53835
1086,188,330,single,7,691.2005,102.912,24,28,52,5485.61659
1087,188,718,single,7,691.2005,49.4346,24,28,52,5485.61659
1088,188,464,single,7,691.2005,52.5159,24,28,52,5485.61659
1089,188,1172,single,7,691.2005,69.122,24,28,52,5485.61659
1090,188,801,single,7,691.2005,93.6119,24,28,52,5485.61659
1091,189,439,single,6,685.6615,126.8068,16,28,51,5501.72531
1092,189,962,single,6,685.6615,162.7557,16,28,51,5501.72531
1093,189,176,single,6,685.6615,172.6239,16,28,51,5501.72531
1094,189,729,single,6,685.6615,42.8318,16,28,51,5501.72531
1095,189,778,single,6,685.6615,60.87351,16,28,51,5501.72531
1096,189,1056,single,6,685.6615,97.4481,16,28,51,5501.72531
1097,190,638,single,7,685.19248,104.067,25,28,52,5471.91851
1098,190,1074,single,7,685.19248,43.7532,25,28,52,5471.91851
1099,190,746,single,7,685.19248,72.076,25,28,52,5471.91851
1100,190,546,single,7,685.19248,82.9847,25,28,52,5471.91851
1101,190,1090,single,7,685.19248,96.9301,25,28,52,5471.91851
1102,191,237,single,7,685.09893,126.9797,23,28,52,5471.33706
1103,191,961,single,7,685.09893,162.6195,23,28,52,5471.33706
1104,191,540,single,7,685.09893,172.6916,23,28,52,5471.33706
1105,191,571,single,7,685.09893,47.7026,23,28,52,5471.33706
1106,191,1166,single,7,685.09893,62.3605,23,28,52,5471.33706
1107,191,1239,single,7,685.09893,91.39433,23,28,52,5471.33706
1108,191,1233,single,7,685.09893,93.277,23,28,52,5471.33706
1109,192,411,single,8,689.4294,126.5916,10,30,55,5473.58338
1110,192,509,single,8,689.4294,181.8423,10,30,55,5473.58338
1111,192,1487,single,8,689.4294,27.6267,10,30,55,5473.58338
1112,192,1210,single,8,689.4294,66.1795,10,30,55,5473.58338
1113,192,1076,single,8,689.4294,77.3915,10,30,55,5473.58338
1114,192,490,single,8,689.4294,101.3874,10,30,55,5473.58338
1115,193,409,single,6,684.2231,126.7459,18,30,55,5499.01081
1116,193,700,single,6,684.2231,162.2252,18,30,55,5499.01081
1117,193,726,single,6,684.2231,173.4449,18,30,55,5499.01081
1118,193,1339,single,6,684.2231,41.3924,18,30,55,5499.01081
1119,193,633,single,6,684.2231,45.8345,18,30,55,5499.01081
1120,193,1009,single,6,684.2231,94.1201,18,30,55,5499.01081
1121,194,441,single,8,694.1535,126.7075,21,30,57,5514.70313
1122,194,1048,single,8,694.1535,131.7654,21,30,57,5514.70313
1123,194,508,single,8,694.1535,182.0448,21,30,57,5514.70313
1124,194,1168,single,8,694.1535,48.343,21,30,57,5514.70313
1125,194,589,single,8,694.1535,55.7172,21,30,57,5514.70313
1126,194,1073,single,8,694.1535,67.8052,21,30,57,5514.70313
1127,194,796,single,8,694.1535,78.0308,21,30,57,5514.70313
1128,194,980,single,8,694.1535,90.0313,21,30,57,5514.70313
1129,195,649,single,6,694.1521,103.9851,25,28,52,5471.91851
1130,195,1081,single,6,694.1521,136.3683,25,28,52,5471.91851
1131,195,408,single,6,694.1521,222.559,25,28,52,5471.91851
1132,195,1419,single,6,694.1521,24.42,25,28,52,5471.91851
1133,195,1304,single,6,694.1521,57.49647,25,28,52,5471.91851
1134,195,735,single,6,694.1521,99.662,25,28,52,5471.91851
1135,196,302,single,8,684.9867,110.0242,7,28,54,5479.27421
1136,196,1080,single,8,684.9867,136.477,7,28,54,5479.27421
1137,196,410,single,8,684.9867,222.475,7,28,54,5479.27421
1138,196,1303,single,8,684.9867,49.8481,7,28,54,5479.27421
1139,196,1282,single,8,684.9867,65.2248,7,28,54,5479.27421
1140,196,777,single,8,684.9867,74.1909,7,28,54,5479.27421
1141,196,310,single,8,684.9867,88.5648,7,28,54,5479.27421
1142,196,1111,single,8,684.9867,92.6247,7,28,54,5479.27421
1143,197,757,single,7,685.4333,103.7158,25,28,52,5471.91851
1144,197,964,single,7,685.4333,135.855,25,28,52,5471.91851
1145,197,560,single,7,685.4333,224.1645,25,28,52,5471.91851
1146,197,699,single,7,685.4333,44.2858,25,28,52,5471.91851
1147,197,1153,single,7,685.4333,77.6778,25,28,52,5471.91851
1148,197,523,single,7,685.4333,78.6206,25,28,52,5471.91851
1149,197,935,single,7,685.4333,92.548,25,28,52,5471.91851
1150,198,217,single,6,684.72153,103.9479,16,28,51,5501.72531
1151,198,990,single,6,684.72153,136.1441,16,28,51,5501.72531
1152,198,562,single,6,684.72153,223.7453,16,28,51,5501.72531
1153,198,1395,single,6,684.72153,20.3652,16,28,51,5501.72531
1154,198,1319,single,6,684.72153,52.8883,16,28,51,5501.72531
1155,198,941,single,6,684.72153,84.3194,16,28,51,5501.72531
1156,199,725,single,7,685.9741,103.3066,16,28,51,5501.72531
1157,199,210,single,7,685.9741,135.7941,16,28,51,5501.72531
1158,199,440,single,7,685.9741,225.882,16,28,51,5501.72531
1159,199,1334,single,7,685.9741,48.7141,16,28,51,5501.72531
1160,199,1058,single,7,685.9741,61.6407,16,28,51,5501.72531
1161,199,451,single,7,685.9741,89.9092,16,28,51,5501.72531
1162,199,642,single,7,685.9741,90.37017,16,28,51,5501.72531
1163,200,759,single,8,688.9258,103.6225,5,28,54,5486.45375
1164,200,212,single,8,688.9258,135.5892,5,28,54,5486.45375
1165,200,438,single,8,688.9258,225.937,5,28,54,5486.45375
1166,200,1227,single,8,688.9258,48.3506,5,28,54,5486.45375
1167,200,685,single,8,688.9258,51.867,5,28,54,5486.45375
1168,200,1197,single,8,688.9258,66.9826,5,28,54,5486.45375
1169,200,768,single,8,688.9258,87.00023,5,28,54,5486.45375
1170,200,802,single,8,688.9258,93.6127,5,28,54,5486.45375
1171,201,727,single,6,679.7169,103.2387,2,28,53,5483.41892
1172,201,28,single,6,679.7169,134.7185,2,28,53,5483.41892
1173,201,327,single,6,679.7169,228.602,2,28,53,5483.41892
1174,201,657,single,6,679.7169,54.0738,2,28,53,5483.41892
1175,201,1248,single,6,679.7169,80.7863,2,28,53,5483.41892
1176,201,1237,single,6,679.7169,83.0432,2,28,53,5483.41892
1177,202,29,single,6,701.28555,134.7113,27,28,54,5492.42182
1178,202,326,single,6,701.28555,228.8748,27,28,54,5492.42182
1179,202,687,single,6,701.28555,47.2898,27,28,54,5492.42182
1180,202,1109,single,6,701.28555,48.6225,27,28,54,5492.42182
1181,202,1331,single,6,701.28555,56.42344,27,28,54,5492.42182
1182,202,491,single,6,701.28555,101.2149,27,28,54,5492.42182
1183,203,1119,single,7,690.3388,103.1788,20,30,56,5489.5818
1184,203,89,single,7,690.3388,122.7546,20,30,56,5489.5818
1185,203,297,single,7,690.3388,228.3437,20,30,56,5489.5818
1186,203,1078,single,7,690.3388,47.8079,20,30,56,5489.5818
1187,203,811,single,7,690.3388,52.6726,20,30,56,5489.5818
1188,203,946,single,7,690.3388,65.7054,20,30,56,5489.5818
1189,203,764,single,7,690.3388,99.6574,20,30,56,5489.5818
1190,204,332,single,8,683.6259,103.0669,19,28,53,5483.138
1191,204,213,single,8,683.6259,135.4372,19,28,53,5483.138
1192,204,296,single,8,683.6259,228.557,19,28,53,5483.138
1193,204,1332,single,8,683.6259,48.3818,19,28,53,5483.138
1194,204,1141,single,8,683.6259,64.7287,19,28,53,5483.138
1195,204,1184,single,8,683.6259,70.4303,19,28,53,5483.138
1196,204,1122,single,8,683.6259,76.1951,19,28,53,5483.138
1197,204,587,single,8,683.6259,76.2787,19,28,53,5483.138
1198,205,1471,single,5,688.6583,27.9777,3,30,55,5482.9233
1199,205,1211,single,5,688.6583,55.32687,3,30,55,5482.9233
1200,205,393,single,5,688.6583,95.3257,3,30,55,5482.9233
1201,206,543,single,9,683.3571,103.0142,27,28,54,5492.42182
1202,206,144,single,9,683.3571,134.1629,27,28,54,5492.42182
1203,206,622,single,9,683.3571,47.7833,27,28,54,5492.42182
1204,206,1014,single,9,683.3571,55.98889,27,28,54,5492.42182
1205,206,1289,single,9,683.3571,64.9296,27,28,54,5492.42182
1206,206,993,single,9,683.3571,87.7203,27,28,54,5492.42182
1207,206,424,single,9,683.3571,90.1326,27,28,54,5492.42182
1208,207,1155,single,5,684.30629,46.2173,15,29,53,5481.7033
1209,207,1329,single,5,684.30629,48.3692,15,29,53,5481.7033
1210,207,361,single,5,684.30629,93.7763,15,29,53,5481.7033
1211,208,542,single,8,685.86853,102.9767,11,30,57,5524.91148
1212,208,145,single,8,685.86853,134.1107,11,30,57,5524.91148
1213,208,1085,single,8,685.86853,47.5989,11,30,57,5524.91148
1214,208,753,single,8,685.86853,52.7709,11,30,57,5524.91148
1215,208,1207,single,8,685.86853,63.634,11,30,57,5524.91148
1216,208,429,single,8,685.86853,97.5263,11,30,57,5524.91148
1217,209,1472,single,6,687.62637,27.713,8,28,53,5480.88316
1218,209,1314,single,6,687.62637,53.04692,8,28,53,5480.88316
1219,209,1138,single,6,687.62637,56.07278,8,28,53,5480.88316
1220,209,1169,single,6,687.62637,73.33174,8,28,53,5480.88316
1221,210,216,single,7,681.1235,104.1132,20,30,56,5489.5818
1222,210,748,single,7,681.1235,53.2869,20,30,56,5489.5818
1223,210,1254,single,7,681.1235,64.414,20,30,56,5489.5818
1224,210,965,single,7,681.1235,77.79948,20,30,56,5489.5818
1225,210,551,single,7,681.1235,97.8414,20,30,56,5489.5818
1226,211,1011,single,6,683.7849,102.5005,1,29,53,5501.04048
1227,211,52,single,6,683.7849,133.8687,1,29,53,5501.04048
1228,211,12,single,6,683.7849,240.4057,1,29,53,5501.04048
1229,211,755,single,6,683.7849,52.7979,1,29,53,5501.04048
1230,211,58,single,6,683.7849,83.9619,1,29,53,5501.04048
1231,211,836,single,6,683.7849,100.1605,1,29,53,5501.04048
1232,212,333,single,7,683.7195,102.8258,12,29,54,5486.08678
1233,212,50,single,7,683.7195,133.9072,12,29,54,5486.08678
1234,212,13,single,7,683.7195,240.2424,12,29,54,5486.08678
1235,212,1476,single,7,683.7195,27.7117,12,29,54,5486.08678
1236,212,1214,single,7,683.7195,68.9031,12,29,54,5486.08678
1237,212,839,single,7,683.7195,73.3459,12,29,54,5486.08678
1238,212,1039,single,7,683.7195,94.4503,12,29,54,5486.08678
1239,213,1010,single,7,686.6797,102.4959,13,28,52,5479.53835
1240,213,659,single,7,686.6797,54.0515,13,28,52,5479.53835
1241,213,619,single,7,686.6797,72.4602,13,28,52,5479.53835
1242,213,579,single,7,686.6797,84.8672,13,28,52,5479.53835
1243,213,311,single,7,686.6797,88.4334,13,28,52,5479.53835
1244,214,1025,single,6,682.9181,102.3508,9,30,56,5507.98652
1245,214,973,single,6,682.9181,49.0847,9,30,56,5507.98652
1246,214,400,single,6,682.9181,84.6678,9,30,56,5507.98652
1247,214,432,single,6,682.9181,98.5403,9,30,56,5507.98652
1248,215,1024,single,6,684.4702,102.2541,15,29,53,5481.7033
1249,215,1506,single,6,684.4702,27.4538,15,29,53,5481.7033
1250,215,1337,single,6,684.4702,47.4938,15,29,53,5481.7033
1251,215,826,single,6,684.4702,100.0066,15,29,53,5481.7033
1252,216,617,single,6,684.3399,101.9138,8,28,53,5480.88316
1253,216,1481,single,6,684.3399,27.7197,8,28,53,5480.88316
1254,216,994,single,6,684.3399,81.5138,8,28,53,5480.88316
1255,216,57,single,6,684.3399,97.2398,8,28,53,5480.88316
1256,217,616,single,6,685.19323,101.8533,5,28,54,5486.45375
1257,217,556,single,6,685.19323,51.6548,5,28,54,5486.45375
1258,217,1160,single,6,685.19323,60.0394,5,28,54,5486.45375
1259,217,1043,single,6,685.19323,78.387,5,28,54,5486.45375
1260,218,366,single,7,687.8498,101.8058,18,30,55,5499.01081
1261,218,1507,single,7,687.8498,27.4481,18,30,55,5499.01081
1262,218,1279,single,7,687.8498,65.2912,18,30,55,5499.01081
1263,218,1097,single,7,687.8498,76.0328,18,30,55,5499.01081
1264,218,996,single,7,687.8498,84.5865,18,30,55,5499.01081
1265,219,703,single,6,684.16747,101.7915,6,28,54,5468.21219
1266,219,1276,single,6,684.16747,49.7167,6,28,54,5468.21219
1267,219,995,single,6,684.16747,81.4892,6,28,54,5468.21219
1268,219,1195,single,6,684.16747,95.6965,6,28,54,5468.21219
1269,220,774,single,6,687.72242,101.7571,12,29,54,5486.08678
1270,220,1477,single,6,687.72242,27.7127,12,29,54,5486.08678
1271,220,1286,single,6,687.72242,60.3015,12,29,54,5486.08678
1272,220,887,single,6,687.72242,70.0552,12,29,54,5486.08678
1273,221,775,single,6,682.115,101.7515,27,28,54,5492.42182
1274,221,959,single,6,682.115,49.4919,27,28,54,5492.42182
1275,221,1235,single,6,682.115,60.2745,27,28,54,5492.42182
1276,221,340,single,6,682.115,91.0238,27,28,54,5492.42182
1277,222,712,single,6,685.34554,101.7297,7,28,54,5479.27421
1278,222,1479,single,6,685.34554,27.7183,7,28,54,5479.27421
1279,222,460,single,6,685.34554,81.981,7,28,54,5479.27421
1280,222,1106,single,6,685.34554,95.7705,7,28,54,5479.27421
1281,223,810,single,6,688.6222,52.683,21,30,57,5514.70313
1282,223,1071,single,6,688.6222,67.7907,21,30,57,5514.70313
1283,223,1159,single,6,688.6222,75.9664,21,30,57,5514.70313
1284,223,1006,single,6,688.6222,76.35104,21,30,57,5514.70313
1285,224,1390,single,5,688.9538,20.3816,1,29,53,5501.04048
1286,224,1311,single,5,688.9538,57.31531,1,29,53,5501.04048
1287,224,925,single,5,688.9538,93.189,1,29,53,5501.04048
0,1,232,double,8,705.38303,249.5975,14,28,55,5493.90423
1,2,234,double,7,685.55985,249.5858,4,28,53,5474.07182
2,3,316,double,6,682.42466,383.7639,22,28,53,5507.44052
3,4,314,double,6,688.62585,384.2873,14,28,55,5493.90423
4,5,380,double,8,683.7925,384.316,15,29,53,5481.7033
5,6,378,double,6,684.75162,384.6464,7,28,54,5479.27421
6,7,266,double,7,685.98378,253.1713,20,30,56,5489.5818
7,8,264,double,8,685.9902,253.1532,14,28,55,5493.90423
8,9,222,double,6,680.50011,386.8781,14,28,55,5493.90423
9,10,220,double,6,691.40519,387.0361,27,28,54,5492.42182
10,11,70,double,6,693.9047,390.4938,28,30,56,5490.10547
11,12,68,double,7,682.27441,390.8583,27,28,54,5492.42182
12,15,258,double,6,682.3455,396.479,2,28,53,5483.41892
13,16,256,double,6,684.6312,396.589,19,28,53,5483.138
14,17,134,double,7,682.8221,398.9747,3,30,55,5482.9233
15,18,132,double,6,685.4367,399.4305,26,28,52,5496.16321
16,19,170,double,7,690.05281,270.5839,1,29,53,5501.04048
17,20,168,double,8,683.67158,270.6474,2,28,53,5483.41892
18,21,354,double,6,684.73664,272.3783,5,28,54,5486.45375
19,22,352,double,7,690.9714,272.5884,3,30,55,5482.9233
20,23,382,double,6,692.2407,273.6348,14,28,55,5493.90423
21,24,384,double,8,685.9238,273.5334,18,30,55,5499.01081
22,25,32,double,8,683.973,406.9392,26,28,52,5496.16321
23,26,30,double,6,683.68507,407.2646,27,28,54,5492.42182
24,27,160,double,6,681.38918,410.867,25,28,52,5471.91851
25,28,162,double,7,686.1862,410.888,2,28,53,5483.41892
26,29,226,double,6,682.09188,414.0981,24,28,52,5485.61659
27,30,224,double,8,690.0053,414.2447,11,30,57,5524.91148
28,31,98,double,5,684.6129,414.625,28,30,56,5490.10547
29,32,318,double,5,685.8659,423.2723,23,28,52,5471.33706
30,33,320,double,8,681.1876,422.974,17,30,54,5485.60658
31,34,96,double,6,685.99638,414.855,16,28,51,5501.72531
32,35,254,double,6,678.06496,424.4047,6,28,54,5468.21219
33,36,252,double,7,685.966,424.7591,7,28,54,5479.27421
34,37,468,double,7,682.83133,294.0432,8,28,53,5480.88316
35,38,466,double,7,684.1656,294.3149,4,28,53,5474.07182
36,39,498,double,7,681.9457,298.1227,14,28,55,5493.90423
37,40,496,double,7,685.4687,298.4612,21,30,57,5514.70313
38,41,190,double,6,683.54586,430.406,22,28,53,5507.44052
39,42,188,double,5,687.1606,430.42,26,28,52,5496.16321
40,43,294,double,7,685.66014,302.3982,28,30,56,5490.10547
41,44,292,double,7,687.72321,302.5807,11,30,57,5524.91148
42,45,322,double,8,684.56743,305.0529,12,29,54,5486.08678
43,46,324,double,7,687.78898,304.9412,5,28,54,5486.45375
44,47,66,double,6,695.659,436.026,20,30,56,5489.5818
45,48,64,double,6,688.3871,436.306,2,28,53,5483.41892
46,49,158,double,5,684.43541,441.2469,24,28,52,5485.61659
47,50,156,double,5,682.73091,441.2609,17,30,54,5485.60658
48,51,406,double,8,681.8385,314.8528,14,28,55,5493.90423
49,52,404,double,6,682.03135,315.3993,13,28,52,5479.53835
50,53,92,double,6,682.80782,444.8959,19,28,53,5483.138
51,54,94,double,6,682.2003,445.1685,11,30,57,5524.91148
52,55,436,double,7,686.71502,318.7926,12,29,54,5486.08678
53,56,434,double,7,685.8039,319.2617,12,29,54,5486.08678
54,57,846,double,8,683.17323,192.646,6,28,54,5468.21219
55,58,130,double,5,685.3532,449.991,5,28,54,5486.45375
56,59,346,double,7,684.98316,342.803,17,30,54,5485.60658
57,60,844,double,7,684.56548,193.053,28,30,56,5490.10547
58,64,128,double,6,684.60293,450.135,8,28,53,5480.88316
59,65,344,double,7,685.55997,343.3547,23,28,52,5471.33706
60,68,812,double,8,682.94551,201.0758,24,28,52,5485.61659
61,69,814,double,8,688.79069,200.6861,21,30,57,5514.70313
62,76,854,double,9,684.806,150.7179,22,28,53,5507.44052
63,78,262,double,6,682.73607,339.4114,7,28,54,5479.27421
64,79,856,double,7,685.1495,150.7394,9,30,56,5507.98652
65,80,260,double,7,695.3818,339.6211,22,28,53,5507.44052
66,88,892,double,7,691.52529,195.2982,9,30,56,5507.98652
67,97,38,double,6,688.2206,340.5573,27,28,54,5492.42182
68,98,40,double,6,678.0182,340.586,19,28,53,5483.138
69,105,878,double,8,684.35842,177.9172,11,30,57,5524.91148
70,113,376,double,7,686.79035,347.1774,9,30,56,5507.98652
71,117,907,double,8,679.9467,186.1277,20,30,56,5489.5818
72,118,374,double,7,692.04026,347.669,18,30,55,5499.01081
73,121,10,double,8,689.851,326.8152,3,30,55,5482.9233
74,122,8,double,6,684.66229,326.8147,4,28,53,5474.07182
75,151,876,double,8,683.6967,178.1644,5,28,54,5486.45375
76,152,920,double,7,690.68024,170.0694,24,28,52,5485.61659
77,156,894,double,7,685.60349,157.361,24,28,52,5485.61659
78,162,922,double,7,685.43764,169.7657,10,30,55,5473.58338
79,171,0,double,6,687.24703,355.5475,1,29,53,5501.04048
80,172,228,double,6,685.8235,332.8837,26,28,52,5496.16321
81,173,822,double,8,680.0789,154.5439,27,28,54,5492.42182
82,174,824,double,7,687.1896,154.4959,18,30,55,5499.01081
83,178,288,double,7,692.57228,355.5097,1,29,53,5501.04048
84,179,2,double,8,692.47979,355.4363,28,30,56,5490.10547
85,180,230,double,7,687.08678,332.7356,17,30,54,5485.60658
86,181,290,double,6,685.4139,355.4081,15,29,53,5481.7033
87,184,194,double,5,684.4881,461.594,16,28,51,5501.72531
88,187,192,double,5,694.0601,461.9141,13,28,52,5479.53835
89,188,166,double,7,691.2005,357.8139,24,28,52,5485.61659
90,190,164,double,7,685.19248,358.1439,25,28,52,5471.91851
91,192,977,double,8,689.4294,153.937,10,30,55,5473.58338
92,205,62,double,5,688.6583,467.5174,3,30,55,5482.9233
93,206,818,double,9,683.3571,230.4247,27,28,54,5492.42182
94,207,60,double,5,684.30629,467.6358,15,29,53,5481.7033
95,208,816,double,8,685.86853,230.5513,11,30,57,5524.91148
96,209,102,double,6,687.62637,365.7831,8,28,53,5480.88316
97,210,100,double,7,681.1235,366.3132,20,30,56,5489.5818
98,213,198,double,7,686.6797,374.7344,13,28,52,5479.53835
99,214,196,double,6,682.9181,375.1077,9,30,56,5507.98652
100,215,286,double,6,684.4702,377.9358,15,29,53,5481.7033
101,216,284,double,6,684.3399,378.3944,8,28,53,5480.88316
102,217,6,double,6,685.19323,379.9456,5,28,54,5486.45375
103,218,4,double,7,687.8498,380.1539,18,30,55,5499.01081
104,219,350,double,6,684.16747,380.9151,6,28,54,5468.21219
105,220,36,double,6,687.72242,380.987,12,29,54,5486.08678
106,221,348,double,6,682.115,381.1565,27,28,54,5492.42182
107,222,34,double,6,685.34554,381.242,7,28,54,5479.27421
108,223,124,double,6,688.6222,483.2248,21,30,57,5514.70313
109,224,126,double,5,688.9538,483.2699,1,29,53,5501.04048
