,DAQlpGBT,EvSize,Elinks,Layer,U,V,LUV,nModules,doubleDAQlpGBT,EvSize [kb],BitsPerElink
0,12,240.4057,7,1,4.66666666666667,1.33333333333333,332,3,False,7.6929824,1098.99748571429
1,13,240.2424,7,1,3.33333333333333,4.66666666666667,314,3,False,7.6877568,1098.25097142857
2,14,142.4875,5,1,6.5,0,360,4,False,4.5596,911.92
3,15,142.2112,5,1,6.5,6.5,366.5,4,False,4.5507584,910.15168
4,16,176.1495,6,1,7,6,374,5,False,5.636784,939.464
5,17,176.1,6,1,1,7,279,5,False,5.6352,939.2
6,18,122.4558,4,1,7.5,1,377,4,False,3.9185856,979.6464
7,19,122.5056,4,1,6.5,7.5,367.5,4,False,3.9201792,980.0448
8,20,132.8645,4,1,7.5,2,378,4,False,4.251664,1062.916
9,21,132.6581,4,1,5.5,7.5,351.5,4,False,4.2450592,1061.2648
10,22,132.7535,4,1,7.5,5.5,381.5,4,False,4.248112,1062.028
11,23,132.6999,4,1,2,7.5,295.5,4,False,4.2463968,1061.5992
12,24,150.8607,5,1,8,5,389,5,False,4.8275424,965.50848
13,25,150.8759,5,1,3,8,312,5,False,4.8280288,965.60576
14,26,104.9939,4,1,8.5,3,395,4,False,3.3598048,839.9512
15,27,105.0616,4,1,5.5,8.5,352.5,4,False,3.3619712,840.4928
16,28,134.7185,6,1,9.33333333333333,4.66666666666667,410,6,False,4.310992,718.498666666667
17,29,134.7113,6,1,4.66666666666667,9.33333333333333,340,6,False,4.3107616,718.460266666667
18,42,262.9341,7,2,4.66666666666667,2.33333333333333,589,3,False,8.4138912,1201.98445714286
19,43,262.6971,7,2,2.33333333333333,4.66666666666667,554,3,False,8.4063072,1200.90102857143
20,44,145.3125,5,2,6.5,0,616,4,False,4.65,930
21,45,145.3737,5,2,6.5,6.5,622.5,4,False,4.6519584,930.39168
22,46,178.1,6,2,7,6,630,5,False,5.6992,949.866666666667
23,47,177.9404,6,2,1,7,535,5,False,5.6940928,949.015466666667
24,48,119.8868,4,2,7.5,1,633,4,False,3.8363776,959.0944
25,49,119.8472,4,2,6.5,7.5,623.5,4,False,3.8351104,958.7776
26,50,133.9072,4,2,7.5,5.5,637.5,4,False,4.2850304,1071.2576
27,51,133.7812,4,2,2,7.5,551.5,4,False,4.2809984,1070.2496
28,52,133.8687,4,2,7.5,2,634,4,False,4.2837984,1070.9496
29,53,133.7296,4,2,5.5,7.5,607.5,4,False,4.2793472,1069.8368
30,54,144.5187,4,2,7.5,4.5,636.5,4,False,4.6245984,1156.1496
31,55,144.4183,4,2,3,7.5,567.5,4,False,4.6213856,1155.3464
32,56,97.2976,3,2,8,4,644,3,False,3.1135232,1037.84106666667
33,57,97.2398,3,2,4,8,584,3,False,3.1116736,1037.22453333333
34,58,83.9619,3,2,8.66666666666667,3.33333333333333,654,3,False,2.6867808,895.5936
35,59,83.872,3,2,5.33333333333333,8.66666666666667,606,3,False,2.683904,894.634666666667
36,72,211.6275,7,3,4.5,2.5,842.5,2,False,6.77208,967.44
37,73,87.4057,3,3,5,2,850,1,False,2.7969824,932.327466666667
38,74,211.6944,7,3,2,4.5,804.5,2,False,6.7742208,967.745828571429
39,75,87.2257,3,3,3,5,821,1,False,2.7912224,930.407466666667
40,76,198.4315,6,3,7,6,886,5,False,6.349808,1058.30133333333
41,77,198.225,6,3,1,7,791,5,False,6.3432,1057.2
42,78,159.3039,5,3,6.5,0,872,4,False,5.0977248,1019.54496
43,79,159.4401,5,3,6.5,6.5,878.5,4,False,5.1020832,1020.41664
44,80,150.3797,5,3,7.5,5.5,893.5,4,False,4.8121504,962.43008
45,81,150.2584,5,3,2,7.5,807.5,4,False,4.8082688,961.65376
46,82,136.9986,4,3,7.5,1,889,4,False,4.3839552,1095.9888
47,83,136.8476,4,3,6.5,7.5,879.5,4,False,4.3791232,1094.7808
48,84,169.1865,6,3,8,5,901,5,False,5.413968,902.328
49,85,169.1878,6,3,3,8,824,5,False,5.4140096,902.334933333334
50,86,150.4488,5,3,7.5,2,890,4,False,4.8143616,962.87232
51,87,150.3618,5,3,5.5,7.5,863.5,4,False,4.8115776,962.31552
52,88,122.8569,4,3,8.5,4.5,908.5,4,False,3.9314208,982.8552
53,89,122.7546,4,3,4,8.5,840.5,4,False,3.9281472,982.0368
54,90,139.0284,6,3,9.33333333333333,3.66666666666667,921,6,False,4.4489088,741.4848
55,91,139.0929,6,3,5.66666666666667,9.33333333333333,868,6,False,4.4509728,741.8288
56,104,198.2147,7,4,4.5,2.5,1098.5,2,False,6.3428704,906.124342857143
57,105,81.4691,3,4,5,2,1106,1,False,2.6070112,869.003733333333
58,106,198.3324,7,4,2,4.5,1060.5,2,False,6.3466368,906.6624
59,107,81.3827,3,4,3,5,1077,1,False,2.6042464,868.082133333333
60,108,181.0429,6,4,7,6,1142,5,False,5.7933728,965.562133333333
61,109,181.0358,6,4,1,7,1047,5,False,5.7931456,965.524266666667
62,110,146.5492,5,4,6.5,0,1128,4,False,4.6895744,937.91488
63,111,146.534,5,4,6.5,6.5,1134.5,4,False,4.689088,937.8176
64,112,140.4432,4,4,7.5,5.5,1149.5,4,False,4.4941824,1123.5456
65,113,140.4825,4,4,2,7.5,1063.5,4,False,4.49544,1123.86
66,114,121.8688,4,4,7.5,1,1145,4,False,3.8998016,974.9504
67,115,121.8416,4,4,6.5,7.5,1135.5,4,False,3.8989312,974.7328
68,116,144.0229,5,4,7.5,4.5,1148.5,4,False,4.6087328,921.74656
69,117,143.8876,5,4,3,7.5,1079.5,4,False,4.6044032,920.88064
70,118,138.4171,4,4,7.5,2,1146,4,False,4.4293472,1107.3368
71,119,138.3642,4,4,5.5,7.5,1119.5,4,False,4.4276544,1106.9136
72,120,96.3442,3,4,8,3,1155,3,False,3.0830144,1027.67146666667
73,121,96.2073,3,4,5,8,1112,3,False,3.0786336,1026.2112
74,122,127.8846,6,4,9.33333333333333,4.66666666666667,1178,6,False,4.0923072,682.0512
75,123,127.767,6,4,4.66666666666667,9.33333333333333,1108,6,False,4.088544,681.424
76,136,214.637,7,5,4.5,2.5,1354.5,2,False,6.868384,981.197714285714
77,137,87.3875,3,5,5,2,1362,1,False,2.7964,932.133333333333
78,138,214.7686,7,5,2,4.5,1316.5,2,False,6.8725952,981.799314285714
79,139,87.2056,3,5,3,5,1333,1,False,2.7905792,930.193066666667
80,140,154.7615,5,5,6.5,0,1384,4,False,4.952368,990.4736
81,141,154.6888,5,5,6.5,6.5,1390.5,4,False,4.9500416,990.00832
82,142,194.9946,6,5,7,6,1398,5,False,6.2398272,1039.9712
83,143,194.8915,6,5,1,7,1303,5,False,6.236528,1039.42133333333
84,144,134.1629,4,5,7.5,1,1401,4,False,4.2932128,1073.3032
85,145,134.1107,4,5,6.5,7.5,1391.5,4,False,4.2915424,1072.8856
86,146,147.2995,5,5,7.5,5.5,1405.5,4,False,4.713584,942.7168
87,147,147.0924,5,5,2,7.5,1319.5,4,False,4.7069568,941.39136
88,148,147.0916,5,5,7.5,2,1402,4,False,4.7069312,941.38624
89,149,147.0088,5,5,5.5,7.5,1375.5,4,False,4.7042816,940.85632
90,150,164.8545,6,5,8,5,1413,5,False,5.275344,879.224
91,151,164.8816,6,5,3,8,1336,5,False,5.2762112,879.368533333333
92,152,112.3653,4,5,8.5,3,1419,4,False,3.5956896,898.9224
93,153,112.279,4,5,5.5,8.5,1376.5,4,False,3.592928,898.232
94,154,141.4976,6,5,9.33333333333333,4.66666666666667,1434,6,False,4.5279232,754.653866666667
95,155,141.4087,6,5,4.66666666666667,9.33333333333333,1364,6,False,4.5250784,754.179733333334
96,172,115.6955,4,6,7.5,1,1657,4,False,3.702256,925.564
97,173,115.6707,4,6,6.5,7.5,1647.5,4,False,3.7014624,925.3656
98,174,138.1982,5,6,6.5,0,1640,4,False,4.4223424,884.46848
99,175,138.1856,5,6,6.5,6.5,1646.5,4,False,4.4219392,884.38784
100,176,172.6239,6,6,7,6,1654,5,False,5.5239648,920.6608
101,177,172.5667,6,6,1,7,1559,5,False,5.5221344,920.355733333333
102,178,131.2062,4,6,7.5,2,1658,4,False,4.1985984,1049.6496
103,179,131.1381,4,6,5.5,7.5,1631.5,4,False,4.1964192,1049.1048
104,180,131.2462,4,6,7.5,5.5,1661.5,4,False,4.1998784,1049.9696
105,181,131.1838,4,6,2,7.5,1575.5,4,False,4.1978816,1049.4704
106,182,138.2592,5,6,7.5,3,1659,4,False,4.4242944,884.85888
107,183,137.9587,5,6,4.5,7.5,1615.5,4,False,4.4146784,882.93568
108,184,91.0682,3,6,8,5,1669,3,False,2.9141824,971.394133333333
109,185,91.0799,3,6,3,8,1592,3,False,2.9145568,971.518933333334
110,186,120.9534,6,6,9.33333333333333,4.66666666666667,1690,6,False,3.8705088,645.0848
111,187,120.9249,6,6,4.66666666666667,9.33333333333333,1620,6,False,3.8695968,644.9328
112,200,200.2531,7,7,4.5,2.5,1866.5,2,False,6.4080992,915.442742857143
113,201,81.0636,3,7,5,2,1874,1,False,2.5940352,864.6784
114,202,200.3193,7,7,2,4.5,1828.5,2,False,6.4102176,915.745371428571
115,203,80.836,3,7,3,5,1845,1,False,2.586752,862.250666666667
116,204,142.5013,5,7,6.5,0,1896,4,False,4.5600416,912.00832
117,205,142.5941,5,7,6.5,6.5,1902.5,4,False,4.5630112,912.60224
118,206,180.6562,6,7,7,6,1910,5,False,5.7809984,963.499733333333
119,207,180.5887,6,7,1,7,1815,5,False,5.7788384,963.139733333333
120,208,124.1115,4,7,7.5,1,1913,4,False,3.971568,992.892
121,209,123.8939,4,7,6.5,7.5,1903.5,4,False,3.9646048,991.1512
122,210,135.7941,5,7,7.5,5.5,1917.5,4,False,4.3454112,869.08224
123,211,135.4799,5,7,2,7.5,1831.5,4,False,4.3353568,867.07136
124,212,135.5892,5,7,7.5,2,1914,4,False,4.3388544,867.77088
125,213,135.4372,5,7,5.5,7.5,1887.5,4,False,4.3339904,866.79808
126,214,152.1361,6,7,8,5,1925,5,False,4.8683552,811.392533333333
127,215,152.1855,6,7,3,8,1848,5,False,4.869936,811.656
128,216,104.1132,4,7,8.5,3,1931,4,False,3.3316224,832.9056
129,217,103.9479,4,7,5.5,8.5,1888.5,4,False,3.3263328,831.5832
130,218,131.0647,6,7,9.33333333333333,4.66666666666667,1946,6,False,4.1940704,699.011733333333
131,219,130.9426,6,7,4.66666666666667,9.33333333333333,1876,6,False,4.1901632,698.360533333333
132,236,127.0369,5,8,6.5,0,2152,4,False,4.0651808,813.03616
133,237,126.9797,5,8,6.5,6.5,2158.5,4,False,4.0633504,812.67008
134,238,158.951,6,8,7,6,2166,5,False,5.086432,847.738666666667
135,239,159.0196,6,8,1,7,2071,5,False,5.0886272,848.104533333333
136,240,106.3634,4,8,7.5,1,2169,4,False,3.4036288,850.9072
137,241,106.2282,4,8,6.5,7.5,2159.5,4,False,3.3993024,849.8256
138,242,120.3111,4,8,7.5,2,2170,4,False,3.8499552,962.4888
139,243,120.1801,4,8,5.5,7.5,2143.5,4,False,3.8457632,961.4408
140,244,120.4111,4,8,7.5,5.5,2173.5,4,False,3.8531552,963.2888
141,245,120.2869,4,8,2,7.5,2087.5,4,False,3.8491808,962.2952
142,246,137.4969,6,8,8,5,2181,5,False,4.3999008,733.3168
143,247,137.4574,6,8,3,8,2104,5,False,4.3986368,733.106133333333
144,248,94.681,4,8,8.5,3,2187,4,False,3.029792,757.448
145,249,94.4633,4,8,5.5,8.5,2144.5,4,False,3.0228256,755.7064
146,250,111.6238,6,8,9.33333333333333,4.66666666666667,2202,6,False,3.5719616,595.326933333333
147,251,111.6033,6,8,4.66666666666667,9.33333333333333,2132,6,False,3.5713056,595.2176
148,268,139.5708,6,9,7,0,2416,5,False,4.4662656,744.3776
149,269,139.6029,6,9,7,7,2423,5,False,4.4672928,744.5488
150,270,166.0313,6,9,7,6,2422,5,False,5.3130016,885.500266666667
151,271,165.8879,6,9,1,7,2327,5,False,5.3084128,884.735466666667
152,272,112.7718,4,9,7.5,1,2425,4,False,3.6086976,902.1744
153,273,112.7151,4,9,6.5,7.5,2415.5,4,False,3.6068832,901.7208
154,274,132.1727,5,9,8,6,2438,5,False,4.2295264,845.90528
155,275,132.1794,5,9,2,8,2344,5,False,4.2297408,845.94816
156,276,132.1921,5,9,8,2,2434,5,False,4.2301472,846.02944
157,277,131.9012,5,9,6,8,2408,5,False,4.2208384,844.16768
158,278,141.961,6,9,8,5,2437,5,False,4.542752,757.125333333333
159,279,141.9841,6,9,3,8,2360,5,False,4.5434912,757.248533333333
160,280,99.1103,4,9,8.5,3,2443,4,False,3.1715296,792.8824
161,281,98.8008,4,9,5.5,8.5,2400.5,4,False,3.1616256,790.4064
162,282,123.9339,6,9,9.33333333333333,4.66666666666667,2458,6,False,3.9658848,660.9808
163,283,123.9283,6,9,4.66666666666667,9.33333333333333,2388,6,False,3.9657056,660.950933333333
164,296,228.557,7,10,4.66666666666667,2.33333333333333,2637,3,False,7.313824,1044.832
165,297,228.3437,7,10,2.33333333333333,4.66666666666667,2602,3,False,7.3069984,1043.85691428571
166,298,149.4393,6,10,7,6,2678,5,False,4.7820576,797.0096
167,299,149.4702,6,10,1,7,2583,5,False,4.7830464,797.1744
168,300,127.4675,6,10,7,0,2672,5,False,4.07896,679.826666666667
169,301,127.5442,6,10,7,7,2679,5,False,4.0814144,680.235733333333
170,302,110.0242,4,10,7.5,5.5,2685.5,4,False,3.5207744,880.1936
171,303,109.9406,4,10,2,7.5,2599.5,4,False,3.5180992,879.5248
172,304,101.3077,4,10,7.5,1,2681,4,False,3.2418464,810.4616
173,305,101.0532,4,10,6.5,7.5,2671.5,4,False,3.2337024,808.4256
174,306,125.9548,5,10,8,5,2693,5,False,4.0305536,806.11072
175,307,125.8162,5,10,3,8,2616,5,False,4.0261184,805.22368
176,308,109.9919,4,10,7.5,2,2682,4,False,3.5197408,879.9352
177,309,109.8214,4,10,5.5,7.5,2655.5,4,False,3.5142848,878.5712
178,310,88.5648,4,10,8.5,4.5,2700.5,4,False,2.8340736,708.5184
179,311,88.4334,4,10,4,8.5,2632.5,4,False,2.8298688,707.4672
180,312,101.4498,6,10,9.33333333333333,3.66666666666667,2713,6,False,3.2463936,541.0656
181,313,101.2986,6,10,5.66666666666667,9.33333333333333,2660,6,False,3.2415552,540.2592
182,326,228.8748,7,11,4.66666666666667,2.33333333333333,2893,3,False,7.3239936,1046.2848
183,327,228.602,7,11,2.33333333333333,4.66666666666667,2858,3,False,7.315264,1045.03771428571
184,328,127.4609,6,11,7,0,2928,5,False,4.0787488,679.791466666667
185,329,127.5454,6,11,7,7,2935,5,False,4.0814528,680.242133333333
186,330,102.912,4,11,7.5,6.5,2942.5,4,False,3.293184,823.296
187,331,102.9726,4,11,1,7.5,2839.5,4,False,3.2951232,823.7808
188,332,103.0669,4,11,7.5,1,2937,4,False,3.2981408,824.5352
189,333,102.8258,4,11,6.5,7.5,2927.5,4,False,3.2904256,822.6064
190,334,120.6056,5,11,8,2,2946,5,False,3.8593792,771.87584
191,335,120.4824,5,11,6,8,2920,5,False,3.8554368,771.08736
192,336,120.7163,5,11,8,6,2950,5,False,3.8629216,772.58432
193,337,120.6025,5,11,2,8,2856,5,False,3.85928,771.856
194,338,129.7623,5,11,8,5,2949,5,False,4.1523936,830.47872
195,339,129.5855,5,11,3,8,2872,5,False,4.146736,829.3472
196,340,91.0238,4,11,8.5,3,2955,4,False,2.9127616,728.1904
197,341,90.724,4,11,5.5,8.5,2912.5,4,False,2.903168,725.792
198,342,114.6727,6,11,9.33333333333333,4.66666666666667,2970,6,False,3.6695264,611.587733333333
199,343,114.73,6,11,4.66666666666667,9.33333333333333,2900,6,False,3.67136,611.893333333333
200,356,210.2333,7,12,4.66666666666667,2.33333333333333,3149,3,False,6.7274656,961.066514285714
201,357,210.1666,7,12,2.33333333333333,4.66666666666667,3114,3,False,6.7253312,960.7616
202,358,118.447,5,12,7,0,3184,5,False,3.790304,758.0608
203,359,118.3493,5,12,7,7,3191,5,False,3.7871776,757.43552
204,360,93.8313,4,12,7.5,6.5,3198.5,4,False,3.0026016,750.6504
205,361,93.7763,4,12,1,7.5,3095.5,4,False,3.0008416,750.2104
206,362,93.8175,4,12,7.5,1,3193,4,False,3.00216,750.54
207,363,93.653,4,12,6.5,7.5,3183.5,4,False,2.996896,749.224
208,364,101.6522,4,12,7.5,5.5,3197.5,4,False,3.2528704,813.2176
209,365,101.6421,4,12,2,7.5,3111.5,4,False,3.2525472,813.1368
210,366,101.8058,4,12,7.5,2,3194,4,False,3.2577856,814.4464
211,367,101.5686,4,12,5.5,7.5,3167.5,4,False,3.2501952,812.5488
212,368,116.4988,5,12,8,5,3205,5,False,3.7279616,745.59232
213,369,116.6223,5,12,3,8,3128,5,False,3.7319136,746.38272
214,370,80.9265,4,12,8.5,3,3211,4,False,2.589648,647.412
215,371,80.6542,4,12,5.5,8.5,3168.5,4,False,2.5809344,645.2336
216,372,104.2306,6,12,9.33333333333333,4.66666666666667,3226,6,False,3.3353792,555.896533333333
217,373,104.1889,6,12,4.66666666666667,9.33333333333333,3156,6,False,3.3340448,555.674133333333
218,386,209.9738,7,13,4.66666666666667,2.33333333333333,3405,3,False,6.7191616,959.880228571429
219,387,209.7867,7,13,2.33333333333333,4.66666666666667,3370,3,False,6.7131744,959.024914285714
220,388,118.2737,5,13,7,0,3440,5,False,3.7847584,756.95168
221,389,118.3256,5,13,7,7,3447,5,False,3.7864192,757.28384
222,390,95.5751,4,13,7.5,6.5,3454.5,4,False,3.0584032,764.6008
223,391,95.4425,4,13,1,7.5,3351.5,4,False,3.05416,763.54
224,392,95.5428,4,13,7.5,1,3449,4,False,3.0573696,764.3424
225,393,95.3257,4,13,6.5,7.5,3439.5,4,False,3.0504224,762.6056
226,394,112.0621,5,13,8,6,3462,5,False,3.5859872,717.19744
227,395,112.0603,5,13,2,8,3368,5,False,3.5859296,717.18592
228,396,112.1518,5,13,8,2,3458,5,False,3.5888576,717.77152
229,397,111.8809,5,13,6,8,3432,5,False,3.5801888,716.03776
230,398,120.2658,5,13,8,5,3461,5,False,3.8485056,769.70112
231,399,120.2766,5,13,3,8,3384,5,False,3.8488512,769.77024
232,400,84.6678,4,13,8.5,3,3467,4,False,2.7093696,677.3424
233,401,84.4426,4,13,5.5,8.5,3424.5,4,False,2.7021632,675.5408
234,402,111.9873,6,13,9.33333333333333,4.66666666666667,3482,6,False,3.5835936,597.2656
235,403,111.9442,6,13,4.66666666666667,9.33333333333333,3412,6,False,3.5822144,597.035733333333
236,408,222.559,7,14,2.5,1.5,3625.5,2,False,7.121888,1017.41257142857
237,409,126.7459,6,14,4.5,3.5,3659.5,2,False,4.0558688,675.978133333333
238,410,222.475,7,14,1,2.5,3602.5,2,False,7.1192,1017.02857142857
239,411,126.5916,6,14,1,4.5,3604.5,2,False,4.0509312,675.1552
240,412,194.1922,7,14,3.5,1,3641,2,False,6.2141504,887.735771428572
241,413,53.6396,3,14,5,1,3665,1,False,1.7164672,572.155733333333
242,414,194.1344,7,14,2.5,3.5,3627.5,2,False,6.2123008,887.471542857143
243,415,53.5499,3,14,4,5,3653,1,False,1.7135968,571.198933333333
244,416,194.1541,7,14,4.66666666666667,2.33333333333333,3661,3,False,6.2129312,887.5616
245,417,193.8304,7,14,2.33333333333333,4.66666666666667,3626,3,False,6.2025728,886.081828571429
246,418,111.6915,5,14,7,0,3696,5,False,3.574128,714.8256
247,419,111.6081,5,14,7,7,3703,5,False,3.5714592,714.29184
248,420,90.0766,4,14,7.5,6.5,3710.5,4,False,2.8824512,720.6128
249,421,90.1012,4,14,1,7.5,3607.5,4,False,2.8832384,720.8096
250,422,97.5803,4,14,7.5,5.5,3709.5,4,False,3.1225696,780.6424
251,423,97.6776,4,14,2,7.5,3623.5,4,False,3.1256832,781.4208
252,424,90.1326,4,14,7.5,1,3705,4,False,2.8842432,721.0608
253,425,89.9543,4,14,6.5,7.5,3695.5,4,False,2.8785376,719.6344
254,426,109.5782,5,14,8,5,3717,5,False,3.5065024,701.30048
255,427,109.6663,5,14,3,8,3640,5,False,3.5093216,701.86432
256,428,97.7465,4,14,7.5,2,3706,4,False,3.127888,781.972
257,429,97.5263,4,14,5.5,7.5,3679.5,4,False,3.1208416,780.2104
258,430,81.0768,4,14,8.5,4.5,3724.5,4,False,2.5944576,648.6144
259,431,80.9639,4,14,4,8.5,3656.5,4,False,2.5908448,647.7112
260,432,98.5403,6,14,9.33333333333333,3.66666666666667,3737,6,False,3.1532896,525.548266666667
261,433,98.421,6,14,5.66666666666667,9.33333333333333,3684,6,False,3.149472,524.912
262,438,225.937,7,15,2.5,1.5,3881.5,2,False,7.229984,1032.85485714286
263,439,126.8068,6,15,4.5,3.5,3915.5,2,False,4.0578176,676.302933333333
264,440,225.882,7,15,1,2.5,3858.5,2,False,7.228224,1032.60342857143
265,441,126.7075,6,15,1,4.5,3860.5,2,False,4.05464,675.773333333333
266,442,195.3374,7,15,3.5,1,3897,2,False,6.2507968,892.970971428571
267,443,53.4841,3,15,5,1,3921,1,False,1.7114912,570.497066666667
268,444,195.2001,7,15,2.5,3.5,3883.5,2,False,6.2464032,892.343314285714
269,445,53.4214,3,15,4,5,3909,1,False,1.7094848,569.828266666667
270,446,194.2631,7,15,4.66666666666667,2.33333333333333,3917,3,False,6.2164192,888.059885714286
271,447,193.9492,7,15,2.33333333333333,4.66666666666667,3882,3,False,6.2063744,886.624914285714
272,448,111.4942,5,15,7,0,3952,5,False,3.5678144,713.56288
273,449,111.6517,5,15,7,7,3959,5,False,3.5728544,714.57088
274,450,90.015,4,15,7.5,6.5,3966.5,4,False,2.88048,720.12
275,451,89.9092,4,15,1,7.5,3863.5,4,False,2.8770944,719.2736
276,452,89.9996,4,15,7.5,1,3961,4,False,2.8799872,719.9968
277,453,89.8592,4,15,6.5,7.5,3951.5,4,False,2.8754944,718.8736
278,454,105.9863,5,15,8,6,3974,5,False,3.3915616,678.31232
279,455,105.9285,5,15,2,8,3880,5,False,3.389712,677.9424
280,456,106.0684,5,15,8,2,3970,5,False,3.3941888,678.83776
281,457,105.8179,5,15,6,8,3944,5,False,3.3861728,677.23456
282,458,115.481,5,15,8,5,3973,5,False,3.695392,739.0784
283,459,115.4603,5,15,3,8,3896,5,False,3.6947296,738.94592
284,460,81.981,4,15,8.5,3,3979,4,False,2.623392,655.848
285,461,81.8057,4,15,5.5,8.5,3936.5,4,False,2.6177824,654.4456
286,462,58.9485,3,15,9,5,3989,3,False,1.886352,628.784
287,463,58.8946,3,15,4,9,3913,3,False,1.8846272,628.209066666667
288,464,52.5159,3,15,9.66666666666667,4.33333333333333,3999,3,False,1.6805088,560.1696
289,465,52.5307,3,15,5.33333333333333,9.66666666666667,3935,3,False,1.6809824,560.327466666667
290,470,206.6837,7,16,2.5,1.5,4137.5,2,False,6.6138784,944.839771428571
291,471,118.7039,6,16,4.5,3.5,4171.5,2,False,3.7985248,633.087466666667
292,472,206.6928,7,16,1,2.5,4114.5,2,False,6.6141696,944.881371428571
293,473,118.6237,6,16,1,4.5,4116.5,2,False,3.7959584,632.659733333333
294,474,179.7017,7,16,3.5,1,4153,2,False,5.7504544,821.493485714286
295,475,50.0459,3,16,5,1,4177,1,False,1.6014688,533.822933333333
296,476,179.5811,7,16,2.5,3.5,4139.5,2,False,5.7465952,820.942171428571
297,477,49.961,3,16,4,5,4165,1,False,1.598752,532.917333333333
298,478,181.5367,7,16,4.66666666666667,2.33333333333333,4173,3,False,5.8091744,829.882057142857
299,479,181.4372,7,16,2.33333333333333,4.66666666666667,4138,3,False,5.8059904,829.4272
300,480,85.9635,4,16,7.5,6.5,4222.5,4,False,2.750832,687.708
301,481,85.9477,4,16,1,7.5,4119.5,4,False,2.7503264,687.5816
302,482,106.587,5,16,7,0,4208,5,False,3.410784,682.1568
303,483,106.8046,5,16,7,7,4215,5,False,3.4177472,683.54944
304,484,101.3941,5,16,8,6,4230,5,False,3.2446112,648.92224
305,485,101.3127,5,16,2,8,4136,5,False,3.2420064,648.40128
306,486,85.9594,4,16,7.5,1,4217,4,False,2.7507008,687.6752
307,487,85.7465,4,16,6.5,7.5,4207.5,4,False,2.743888,685.972
308,488,108.6173,5,16,8,5,4229,5,False,3.4757536,695.15072
309,489,108.5733,5,16,3,8,4152,5,False,3.4743456,694.86912
310,490,101.3874,5,16,8,2,4226,5,False,3.2443968,648.87936
311,491,101.2149,5,16,6,8,4200,5,False,3.2388768,647.77536
312,492,77.5245,4,16,8.5,4.5,4236.5,4,False,2.480784,620.196
313,493,77.4153,4,16,4,8.5,4168.5,4,False,2.4772896,619.3224
314,494,99.5409,6,16,9.33333333333333,3.66666666666667,4249,6,False,3.1853088,530.8848
315,495,99.4438,6,16,5.66666666666667,9.33333333333333,4196,6,False,3.1822016,530.366933333333
316,500,210.1307,7,17,2.5,1.5,4393.5,2,False,6.7241824,960.597485714286
317,501,118.958,6,17,4.5,3.5,4427.5,2,False,3.806656,634.442666666667
318,502,210.2038,7,17,1,2.5,4370.5,2,False,6.7265216,960.931657142857
319,503,119.0074,6,17,1,4.5,4372.5,2,False,3.8082368,634.706133333333
320,504,180.9158,7,17,3.5,1,4409,2,False,5.7893056,827.043657142857
321,505,50.0934,3,17,5,1,4433,1,False,1.6029888,534.3296
322,506,180.6876,7,17,2.5,3.5,4395.5,2,False,5.7820032,826.000457142857
323,507,50.0605,3,17,4,5,4421,1,False,1.601936,533.978666666667
324,508,182.0448,7,17,4.66666666666667,2.33333333333333,4429,3,False,5.8254336,832.2048
325,509,181.8423,7,17,2.33333333333333,4.66666666666667,4394,3,False,5.8189536,831.279085714286
326,510,106.6457,5,17,7,0,4464,5,False,3.4126624,682.53248
327,511,106.7121,5,17,7,7,4471,5,False,3.4147872,682.95744
328,512,86.0183,4,17,7.5,6.5,4478.5,4,False,2.7525856,688.1464
329,513,85.9653,4,17,1,7.5,4375.5,4,False,2.7508896,687.7224
330,514,85.9832,4,17,7.5,1,4473,4,False,2.7514624,687.8656
331,515,85.7589,4,17,6.5,7.5,4463.5,4,False,2.7442848,686.0712
332,516,101.4423,5,17,8,6,4486,5,False,3.2461536,649.23072
333,517,101.4553,5,17,2,8,4392,5,False,3.2465696,649.31392
334,518,101.517,5,17,8,2,4482,5,False,3.248544,649.7088
335,519,101.2858,5,17,6,8,4456,5,False,3.2411456,648.22912
336,520,110.5581,5,17,8,5,4485,5,False,3.5378592,707.57184
337,521,110.573,5,17,3,8,4408,5,False,3.538336,707.6672
338,522,78.742,4,17,8.5,3,4491,4,False,2.519744,629.936
339,523,78.6206,4,17,5.5,8.5,4448.5,4,False,2.5158592,628.9648
340,524,57.0576,3,17,9,5,4501,3,False,1.8258432,608.6144
341,525,57.0029,3,17,4,9,4425,3,False,1.8240928,608.030933333333
342,526,51.3055,3,17,9.66666666666667,4.33333333333333,4511,3,False,1.641776,547.258666666667
343,527,51.2942,3,17,5.33333333333333,9.66666666666667,4447,3,False,1.6414144,547.138133333333
344,528,219.2958,7,18,2.5,0,4648,2,False,7.0174656,1002.49508571429
345,529,58.3205,2,18,4,0,4672,1,False,1.866256,933.128
346,530,219.1277,7,18,2.5,2.5,4650.5,2,False,7.0120864,1001.72662857143
347,531,58.2883,2,18,4,4,4676,1,False,1.8652256,932.6128
348,532,194.6354,7,18,2.5,1.5,4649.5,2,False,6.2283328,889.761828571429
349,533,113.4545,6,18,4.5,3.5,4683.5,2,False,3.630544,605.090666666667
350,534,194.5647,7,18,1,2.5,4626.5,2,False,6.2260704,889.438628571429
351,535,113.4029,6,18,1,4.5,4628.5,2,False,3.6288928,604.815466666667
352,536,168.9011,7,18,3.5,1,4665,2,False,5.4048352,772.119314285714
353,537,47.546,3,18,5,1,4689,1,False,1.521472,507.157333333333
354,538,168.7595,7,18,2.5,3.5,4651.5,2,False,5.400304,771.472
355,539,47.5008,3,18,4,5,4677,1,False,1.5200256,506.6752
356,540,172.6916,7,18,4.66666666666667,2.33333333333333,4685,3,False,5.5261312,789.447314285714
357,541,172.6008,7,18,2.33333333333333,4.66666666666667,4650,3,False,5.5232256,789.032228571429
358,542,102.9767,5,18,7,0,4720,5,False,3.2952544,659.05088
359,543,103.0142,5,18,7,7,4727,5,False,3.2964544,659.29088
360,544,82.9823,4,18,7.5,6.5,4734.5,4,False,2.6554336,663.8584
361,545,82.9013,4,18,1,7.5,4631.5,4,False,2.6528416,663.2104
362,546,82.9847,4,18,7.5,1,4729,4,False,2.6555104,663.8776
363,547,82.7815,4,18,6.5,7.5,4719.5,4,False,2.649008,662.252
364,548,97.9481,5,18,8,6,4742,5,False,3.1343392,626.86784
365,549,97.8859,5,18,2,8,4648,5,False,3.1323488,626.46976
366,550,98.0463,5,18,8,2,4738,5,False,3.1374816,627.49632
367,551,97.8414,5,18,6,8,4712,5,False,3.1309248,626.18496
368,552,104.8632,5,18,8,5,4741,5,False,3.3556224,671.12448
369,553,104.7992,5,18,3,8,4664,5,False,3.3535744,670.71488
370,554,74.3822,4,18,8.5,3,4747,4,False,2.3802304,595.0576
371,555,74.1917,4,18,5.5,8.5,4704.5,4,False,2.3741344,593.5336
372,556,51.6548,3,18,9,5,4757,3,False,1.6529536,550.984533333333
373,557,51.655,3,18,4,9,4681,3,False,1.65296,550.986666666667
374,558,46.4352,3,18,9.66666666666667,4.33333333333333,4767,3,False,1.4859264,495.3088
375,559,46.3676,3,18,5.33333333333333,9.66666666666667,4703,3,False,1.4837632,494.587733333333
376,560,224.1645,7,19,2.5,0,4904,2,False,7.173264,1024.752
377,561,58.4019,2,19,4,0,4928,1,False,1.8688608,934.4304
378,562,223.7453,7,19,2.5,2.5,4906.5,2,False,7.1598496,1022.83565714286
379,563,58.4605,2,19,4,4,4932,1,False,1.870736,935.368
380,564,198.4857,7,19,2.5,1.5,4905.5,2,False,6.3515424,907.3632
381,565,113.887,6,19,4.5,3.5,4939.5,2,False,3.644384,607.397333333333
382,566,198.4031,7,19,1,2.5,4882.5,2,False,6.3488992,906.9856
383,567,113.7408,6,19,1,4.5,4884.5,2,False,3.6397056,606.6176
384,568,170.2679,7,19,3.5,1,4921,2,False,5.4485728,778.367542857143
385,569,47.7405,3,19,5,1,4945,1,False,1.527696,509.232
386,570,170.1752,7,19,2.5,3.5,4907.5,2,False,5.4456064,777.943771428572
387,571,47.7026,3,19,4,5,4933,1,False,1.5264832,508.827733333333
388,572,173.3784,7,19,4.66666666666667,2.33333333333333,4941,3,False,5.5481088,792.586971428572
389,573,173.3066,7,19,2.33333333333333,4.66666666666667,4906,3,False,5.5458112,792.258742857143
390,574,106.9451,5,19,7,0,4976,5,False,3.4222432,684.44864
391,575,107.0811,5,19,7,7,4983,5,False,3.4265952,685.31904
392,576,83.0389,4,19,7.5,6.5,4990.5,4,False,2.6572448,664.3112
393,577,82.9852,4,19,1,7.5,4887.5,4,False,2.6555264,663.8816
394,578,85.0163,4,19,7.5,1,4985,4,False,2.7205216,680.1304
395,579,84.8672,4,19,6.5,7.5,4975.5,4,False,2.7157504,678.9376
396,580,98.0734,5,19,8,6,4998,5,False,3.1383488,627.66976
397,581,97.9682,5,19,2,8,4904,5,False,3.1349824,626.99648
398,582,98.1765,5,19,8,2,4994,5,False,3.141648,628.3296
399,583,97.9649,5,19,6,8,4968,5,False,3.1348768,626.97536
400,584,106.8335,5,19,8,5,4997,5,False,3.418672,683.7344
401,585,106.8038,5,19,3,8,4920,5,False,3.4177216,683.54432
402,586,76.4237,4,19,8.5,3,5003,4,False,2.4455584,611.3896
403,587,76.2787,4,19,5.5,8.5,4960.5,4,False,2.4409184,610.2296
404,588,55.6755,3,19,9,5,5013,3,False,1.781616,593.872
405,589,55.7172,3,19,4,9,4937,3,False,1.7829504,594.3168
406,590,50.4737,3,19,9.66666666666667,4.33333333333333,5023,3,False,1.6151584,538.386133333333
407,591,50.4608,3,19,5.33333333333333,9.66666666666667,4959,3,False,1.6147456,538.248533333333
408,592,208.6793,7,20,2.5,0,5160,2,False,6.6777376,953.962514285714
409,593,56.012,2,20,4,0,5184,1,False,1.792384,896.192
410,594,208.3914,7,20,2.5,2.5,5162.5,2,False,6.6685248,952.6464
411,595,55.9648,2,20,4,4,5188,1,False,1.7908736,895.4368
412,596,185.6297,7,20,2.5,1.5,5161.5,2,False,5.9401504,848.592914285714
413,597,109.498,6,20,4.5,3.5,5195.5,2,False,3.503936,583.989333333333
414,598,185.5583,7,20,1,2.5,5138.5,2,False,5.9378656,848.266514285714
415,599,109.5124,6,20,1,4.5,5140.5,2,False,3.5043968,584.066133333333
416,600,161.2237,7,20,3.5,1,5177,2,False,5.1591584,737.022628571429
417,601,45.683,3,20,5,1,5201,1,False,1.461856,487.285333333333
418,602,161.0692,7,20,2.5,3.5,5163.5,2,False,5.1542144,736.316342857143
419,603,45.708,3,20,4,5,5189,1,False,1.462656,487.552
420,604,166.333,7,20,4.66666666666667,2.33333333333333,5197,3,False,5.322656,760.379428571429
421,605,166.3012,7,20,2.33333333333333,4.66666666666667,5162,3,False,5.3216384,760.234057142857
422,606,99.8759,5,20,7,0,5232,5,False,3.1960288,639.20576
423,607,100.0714,5,20,7,7,5239,5,False,3.2022848,640.45696
424,608,80.6747,4,20,7.5,6.5,5246.5,4,False,2.5815904,645.3976
425,609,80.6027,4,20,1,7.5,5143.5,4,False,2.5792864,644.8216
426,610,80.6271,4,20,7.5,1,5241,4,False,2.5800672,645.0168
427,611,80.5476,4,20,6.5,7.5,5231.5,4,False,2.5775232,644.3808
428,612,95.27812,5,20,8,6,5254,5,False,3.04889984,609.779968
429,613,95.19628,5,20,2,8,5160,5,False,3.04628096,609.256192
430,614,95.24626,5,20,8,2,5250,5,False,3.04788032,609.576064
431,615,95.21784,5,20,6,8,5224,5,False,3.04697088,609.394176
432,616,101.8533,5,20,8,5,5253,5,False,3.2593056,651.86112
433,617,101.9138,5,20,3,8,5176,5,False,3.2612416,652.24832
434,618,72.5622,4,20,8.5,3,5259,4,False,2.3219904,580.4976
435,619,72.4602,4,20,5.5,8.5,5216.5,4,False,2.3187264,579.6816
436,620,52.6218,3,20,9,5,5269,3,False,1.6838976,561.2992
437,621,52.5893,3,20,4,9,5193,3,False,1.6828576,560.952533333334
438,622,47.7833,3,20,9.66666666666667,4.33333333333333,5279,3,False,1.5290656,509.688533333333
439,623,47.7543,3,20,5.33333333333333,9.66666666666667,5215,3,False,1.5281376,509.3792
440,624,214.1199,7,21,2.5,0,5416,2,False,6.8518368,978.833828571428
441,625,56.1993,2,21,4,0,5440,1,False,1.7983776,899.1888
442,626,213.5566,7,21,2.5,2.5,5418.5,2,False,6.8338112,976.258742857143
443,627,56.1604,2,21,4,4,5444,1,False,1.7971328,898.5664
444,628,189.9275,7,21,2.5,1.5,5417.5,2,False,6.07768,868.24
445,629,109.8335,6,21,4.5,3.5,5451.5,2,False,3.514672,585.778666666667
446,630,189.6453,7,21,1,2.5,5394.5,2,False,6.0686496,866.949942857143
447,631,109.8693,6,21,1,4.5,5396.5,2,False,3.5158176,585.9696
448,632,162.6169,7,21,3.5,1,5433,2,False,5.2037408,743.391542857143
449,633,45.8345,3,21,5,1,5457,1,False,1.466704,488.901333333333
450,634,162.4353,7,21,2.5,3.5,5419.5,2,False,5.1979296,742.561371428571
451,635,45.8462,3,21,4,5,5445,1,False,1.4670784,489.026133333333
452,636,167.1456,7,21,4.66666666666667,2.33333333333333,5453,3,False,5.3486592,764.094171428572
453,637,167.0605,7,21,2.33333333333333,4.66666666666667,5418,3,False,5.345936,763.705142857143
454,638,104.067,5,21,7,0,5488,5,False,3.330144,666.0288
455,639,104.1986,5,21,7,7,5495,5,False,3.3343552,666.87104
456,640,82.7116,4,21,7.5,6.5,5502.5,4,False,2.6467712,661.6928
457,641,82.6902,4,21,1,7.5,5399.5,4,False,2.6460864,661.5216
458,642,90.37017,5,21,8,1,5505,5,False,2.89184544,578.369088
459,643,90.24048,5,21,7,8,5496,5,False,2.88769536,577.539072
460,644,99.4075,5,21,8,6,5510,5,False,3.18104,636.208
461,645,99.3158,5,21,2,8,5416,5,False,3.1781056,635.62112
462,646,99.5105,5,21,8,2,5506,5,False,3.184336,636.8672
463,647,99.4091,5,21,6,8,5480,5,False,3.1810912,636.21824
464,648,103.9811,5,21,8,5,5509,5,False,3.3273952,665.47904
465,649,103.9851,5,21,3,8,5432,5,False,3.3275232,665.50464
466,650,74.6571,4,21,8.5,3,5515,4,False,2.3890272,597.2568
467,651,74.5613,4,21,5.5,8.5,5472.5,4,False,2.3859616,596.4904
468,652,54.7242,3,21,9,5,5525,3,False,1.7511744,583.7248
469,653,54.6844,3,21,4,9,5449,3,False,1.7499008,583.300266666667
470,654,49.8613,3,21,9.66666666666667,4.33333333333333,5535,3,False,1.5955616,531.853866666667
471,655,49.8219,3,21,5.33333333333333,9.66666666666667,5471,3,False,1.5943008,531.4336
472,656,200.7478,7,22,2.5,0,5672,2,False,6.4239296,917.704228571429
473,657,54.0738,2,22,4,0,5696,1,False,1.7303616,865.1808
474,658,200.3191,7,22,2.5,2.5,5674.5,2,False,6.4102112,915.744457142857
475,659,54.0515,2,22,4,4,5700,1,False,1.729648,864.824
476,660,179.0817,7,22,2.5,1.5,5673.5,2,False,5.7306144,818.6592
477,661,106.2782,6,22,4.5,3.5,5707.5,2,False,3.4009024,566.817066666667
478,662,178.9051,7,22,1,2.5,5650.5,2,False,5.7249632,817.851885714286
479,663,106.193,6,22,1,4.5,5652.5,2,False,3.398176,566.362666666667
480,664,155.2725,7,22,3.5,1,5689,2,False,4.96872,709.817142857143
481,665,44.146,3,22,5,1,5713,1,False,1.412672,470.890666666667
482,666,155.19,7,22,2.5,3.5,5675.5,2,False,4.96608,709.44
483,667,44.1745,3,22,4,5,5701,1,False,1.413584,471.194666666667
484,668,161.4295,7,22,4.66666666666667,2.33333333333333,5709,3,False,5.165744,737.963428571429
485,669,161.3822,7,22,2.33333333333333,4.66666666666667,5674,3,False,5.1642304,737.7472
486,670,97.67489,5,22,7,0,5744,5,False,3.12559648,625.119296
487,671,97.52683,5,22,7,7,5751,5,False,3.12085856,624.171712
488,672,78.8171,4,22,7.5,6.5,5758.5,4,False,2.5221472,630.5368
489,673,78.739,4,22,1,7.5,5655.5,4,False,2.519648,629.912
490,674,78.7827,4,22,7.5,1,5753,4,False,2.5210464,630.2616
491,675,78.7351,4,22,6.5,7.5,5743.5,4,False,2.5195232,629.8808
492,676,93.03244,5,22,8,6,5766,5,False,2.97703808,595.407616
493,677,92.99828,5,22,2,8,5672,5,False,2.97594496,595.188992
494,678,93.20214,5,22,8,2,5762,5,False,2.98246848,596.493696
495,679,93.116,5,22,6,8,5736,5,False,2.979712,595.9424
496,680,99.5801,5,22,8,5,5765,5,False,3.1865632,637.31264
497,681,99.5222,5,22,3,8,5688,5,False,3.1847104,636.94208
498,682,71.1779,4,22,8.5,3,5771,4,False,2.2776928,569.4232
499,683,71.0506,4,22,5.5,8.5,5728.5,4,False,2.2736192,568.4048
500,684,51.9178,3,22,9,5,5781,3,False,1.6613696,553.789866666667
501,685,51.867,3,22,4,9,5705,3,False,1.659744,553.248
502,686,47.331,3,22,9.66666666666667,4.33333333333333,5791,3,False,1.514592,504.864
503,687,47.2898,3,22,5.33333333333333,9.66666666666667,5727,3,False,1.5132736,504.424533333333
504,688,205.9082,7,23,2.5,0,5928,2,False,6.5890624,941.294628571429
505,689,54.3001,2,23,4,0,5952,1,False,1.7376032,868.8016
506,690,205.537,7,23,2.5,2.5,5930.5,2,False,6.577184,939.597714285714
507,691,54.3436,2,23,4,4,5956,1,False,1.7389952,869.4976
508,692,183.3647,7,23,2.5,1.5,5929.5,2,False,5.8676704,838.238628571428
509,693,106.5575,6,23,4.5,3.5,5963.5,2,False,3.40984,568.306666666667
510,694,183.0266,7,23,1,2.5,5906.5,2,False,5.8568512,836.693028571429
511,695,106.5277,6,23,1,4.5,5908.5,2,False,3.4088864,568.147733333333
512,696,156.4832,7,23,3.5,1,5945,2,False,5.0074624,715.351771428572
513,697,44.2708,3,23,5,1,5969,1,False,1.4166656,472.221866666667
514,698,156.4669,7,23,2.5,3.5,5931.5,2,False,5.0069408,715.277257142857
515,699,44.2858,3,23,4,5,5957,1,False,1.4171456,472.381866666667
516,700,162.2252,7,23,4.66666666666667,2.33333333333333,5965,3,False,5.1912064,741.600914285714
517,701,162.1417,7,23,2.33333333333333,4.66666666666667,5930,3,False,5.1885344,741.2192
518,702,101.5189,5,23,7,0,6000,5,False,3.2486048,649.72096
519,703,101.7915,5,23,7,7,6007,5,False,3.257328,651.4656
520,704,80.9778,4,23,7.5,6.5,6014.5,4,False,2.5912896,647.8224
521,705,80.8605,4,23,1,7.5,5911.5,4,False,2.587536,646.884
522,706,88.51993,5,23,8,1,6017,5,False,2.83263776,566.527552
523,707,88.49709,5,23,7,8,6008,5,False,2.83190688,566.381376
524,708,97.1623,5,23,8,6,6022,5,False,3.1091936,621.83872
525,709,97.1818,5,23,2,8,5928,5,False,3.1098176,621.96352
526,710,97.271,5,23,8,2,6018,5,False,3.112672,622.5344
527,711,97.2717,5,23,6,8,5992,5,False,3.1126944,622.53888
528,712,101.7297,5,23,8,5,6021,5,False,3.2553504,651.07008
529,713,101.6356,5,23,3,8,5944,5,False,3.2523392,650.46784
530,714,73.2973,4,23,8.5,3,6027,4,False,2.3455136,586.3784
531,715,73.1957,4,23,5.5,8.5,5984.5,4,False,2.3422624,585.5656
532,716,53.9952,3,23,9,5,6037,3,False,1.7278464,575.9488
533,717,53.9639,3,23,4,9,5961,3,False,1.7268448,575.614933333333
534,718,49.4346,3,23,9.66666666666667,4.33333333333333,6047,3,False,1.5819072,527.3024
535,719,49.3587,3,23,5.33333333333333,9.66666666666667,5983,3,False,1.5794784,526.4928
536,720,194.2161,7,24,2.5,0,6184,2,False,6.2149152,887.845028571429
537,721,52.481,2,24,4,0,6208,1,False,1.679392,839.696
538,722,193.8289,7,24,2.5,2.5,6186.5,2,False,6.2025248,886.074971428571
539,723,52.4442,2,24,4,4,6212,1,False,1.6782144,839.1072
540,724,173.665,7,24,2.5,1.5,6185.5,2,False,5.55728,793.897142857143
541,725,103.3066,6,24,4.5,3.5,6219.5,2,False,3.3058112,550.968533333333
542,726,173.4449,7,24,1,2.5,6162.5,2,False,5.5502368,792.890971428572
543,727,103.2387,6,24,1,4.5,6164.5,2,False,3.3036384,550.6064
544,728,150.0472,7,24,3.5,1,6201,2,False,4.8015104,685.930057142857
545,729,42.8318,3,24,5,1,6225,1,False,1.3706176,456.872533333333
546,730,150.1752,7,24,2.5,3.5,6187.5,2,False,4.8056064,686.5152
547,731,42.9151,3,24,4,5,6213,1,False,1.3732832,457.761066666667
548,732,157.2764,7,24,4.66666666666667,2.33333333333333,6221,3,False,5.0328448,718.977828571429
549,733,157.2554,7,24,2.33333333333333,4.66666666666667,6186,3,False,5.0321728,718.881828571429
550,734,99.5413,5,24,7,0,6256,5,False,3.1853216,637.06432
551,735,99.662,5,24,7,7,6263,5,False,3.189184,637.8368
552,736,77.2863,4,24,7.5,6.5,6270.5,4,False,2.4731616,618.2904
553,737,77.2247,4,24,1,7.5,6167.5,4,False,2.4711904,617.7976
554,738,79.3269,4,24,7.5,1,6265,4,False,2.5384608,634.6152
555,739,79.2184,4,24,6.5,7.5,6255.5,4,False,2.5349888,633.7472
556,740,91.18294,5,24,8,6,6278,5,False,2.91785408,583.570816
557,741,91.17708,5,24,2,8,6184,5,False,2.91766656,583.533312
558,742,91.18451,5,24,8,2,6274,5,False,2.91790432,583.580864
559,743,91.08482,5,24,6,8,6248,5,False,2.91471424,582.942848
560,744,99.6393,5,24,8,5,6277,5,False,3.1884576,637.69152
561,745,99.5807,5,24,3,8,6200,5,False,3.1865824,637.31648
562,746,72.076,4,24,8.5,3,6283,4,False,2.306432,576.608
563,747,72.017,4,24,5.5,8.5,6240.5,4,False,2.304544,576.136
564,748,53.2869,3,24,9,5,6293,3,False,1.7051808,568.3936
565,749,53.2296,3,24,4,9,6217,3,False,1.7033472,567.7824
566,750,48.9861,3,24,9.66666666666667,4.33333333333333,6303,3,False,1.5675552,522.5184
567,751,48.926,3,24,5.33333333333333,9.66666666666667,6239,3,False,1.565632,521.877333333334
568,752,199.3269,7,25,2.5,0,6440,2,False,6.3784608,911.208685714286
569,753,52.7709,2,25,4,0,6464,1,False,1.6886688,844.3344
570,754,198.9359,7,25,2.5,2.5,6442.5,2,False,6.3659488,909.421257142857
571,755,52.7979,2,25,4,4,6468,1,False,1.6895328,844.7664
572,756,177.9468,7,25,2.5,1.5,6441.5,2,False,5.6942976,813.471085714286
573,757,103.7158,4,25,4.5,3.5,6475.5,2,False,3.3189056,829.7264
574,758,177.5816,7,25,1,2.5,6418.5,2,False,5.6826112,811.8016
575,759,103.6225,4,25,1,4.5,6420.5,2,False,3.31592,828.98
576,760,194.234,7,25,4,1,6465,3,False,6.215488,887.926857142857
577,761,194.4163,7,25,3,4,6452,3,False,6.2213216,888.760228571429
578,762,158.0183,7,25,4.66666666666667,2.33333333333333,6477,3,False,5.0565856,722.369371428572
579,763,158.0269,7,25,2.33333333333333,4.66666666666667,6442,3,False,5.0568608,722.408685714286
580,764,99.6574,5,25,7,0,6512,5,False,3.1890368,637.80736
581,765,99.6813,5,25,7,7,6519,5,False,3.1898016,637.96032
582,766,79.4483,4,25,7.5,6.5,6526.5,4,False,2.5423456,635.5864
583,767,79.3653,4,25,1,7.5,6423.5,4,False,2.5396896,634.9224
584,768,87.00023,5,25,8,1,6529,5,False,2.78400736,556.801472
585,769,86.99068,5,25,7,8,6520,5,False,2.78370176,556.740352
586,770,97.365,5,25,8,6,6534,5,False,3.11568,623.136
587,771,97.3962,5,25,2,8,6440,5,False,3.1166784,623.33568
588,772,97.3671,5,25,8,2,6530,5,False,3.1157472,623.14944
589,773,97.295,5,25,6,8,6504,5,False,3.11344,622.688
590,774,101.7571,5,25,8,5,6533,5,False,3.2562272,651.24544
591,775,101.7515,5,25,3,8,6456,5,False,3.256048,651.2096
592,776,74.2319,4,25,8.5,3,6539,4,False,2.3754208,593.8552
593,777,74.1909,4,25,5.5,8.5,6496.5,4,False,2.3741088,593.5272
594,778,60.87351,4,25,9.5,5.5,6557.5,4,False,1.94795232,486.98808
595,779,60.80618,4,25,4,9.5,6473.5,4,False,1.94579776,486.44944
596,780,62.57118,4,25,10,4.25,6564.25,4,False,2.00227776,500.56944
597,781,62.53821,4,25,5.75,10,6502,4,False,2.00122272,500.30568
598,782,188.2935,7,26,2.5,0,6696,2,False,6.025392,860.770285714286
599,783,51.0509,2,26,4,0,6720,1,False,1.6336288,816.8144
600,784,187.7526,7,26,2.5,2.5,6698.5,2,False,6.0080832,858.2976
601,785,51.0692,2,26,4,4,6724,1,False,1.6342144,817.1072
602,786,168.2816,7,26,2.5,1.5,6697.5,2,False,5.3850112,769.287314285714
603,787,100.652,3,26,4.5,3.5,6731.5,2,False,3.220864,1073.62133333333
604,788,168.0381,7,26,1,2.5,6674.5,2,False,5.3772192,768.174171428571
605,789,100.5836,3,26,1,4.5,6676.5,2,False,3.2186752,1072.89173333333
606,790,187.0854,7,26,4,1,6721,3,False,5.9867328,855.247542857143
607,791,187.1451,7,26,3,4,6708,3,False,5.9886432,855.520457142857
608,792,153.6986,7,26,4.66666666666667,2.33333333333333,6733,3,False,4.9183552,702.622171428571
609,793,153.6114,7,26,2.33333333333333,4.66666666666667,6698,3,False,4.9155648,702.223542857143
610,794,97.7872,5,26,7,0,6768,5,False,3.1291904,625.83808
611,795,97.9267,5,26,7,7,6775,5,False,3.1336544,626.73088
612,796,78.0308,4,26,7.5,6.5,6782.5,4,False,2.4969856,624.2464
613,797,77.9747,4,26,1,7.5,6679.5,4,False,2.4951904,623.7976
614,798,85.57234,5,26,8,1,6785,5,False,2.73831488,547.662976
615,799,85.4926,5,26,7,8,6776,5,False,2.7357632,547.15264
616,800,93.6403,5,26,8,6,6790,5,False,2.9964896,599.29792
617,801,93.6119,5,26,2,8,6696,5,False,2.9955808,599.11616
618,802,93.6127,5,26,8,2,6786,5,False,2.9956064,599.12128
619,803,93.615,5,26,6,8,6760,5,False,2.99568,599.136
620,804,97.8664,5,26,8,5,6789,5,False,3.1317248,626.34496
621,805,97.8565,5,26,3,8,6712,5,False,3.131408,626.2816
622,806,73.2219,4,26,8.5,3,6795,4,False,2.3431008,585.7752
623,807,73.1751,4,26,5.5,8.5,6752.5,4,False,2.3416032,585.4008
624,808,52.768,3,26,9,5,6805,3,False,1.688576,562.858666666667
625,809,52.7404,3,26,4,9,6729,3,False,1.6876928,562.564266666667
626,810,52.683,3,26,9.66666666666667,4.33333333333333,6815,3,False,1.685856,561.952
627,811,52.6726,3,26,5.33333333333333,9.66666666666667,6751,3,False,1.6855232,561.841066666667
628,820,188.4326,7,27,4,1,6977,3,False,6.0298432,861.406171428571
629,821,188.5409,7,27,3,4,6964,3,False,6.0333088,861.901257142857
630,826,100.0066,5,27,7,0,7024,5,False,3.2002112,640.04224
631,827,100.0233,5,27,7,7,7031,5,False,3.2007456,640.14912
632,828,85.80092,5,27,8,7,7047,5,False,2.74562944,549.125888
633,829,85.7139,5,27,1,8,6936,5,False,2.7428448,548.56896
634,830,85.79157,5,27,8,1,7041,5,False,2.74533024,549.066048
635,831,85.71936,5,27,7,8,7032,5,False,2.74301952,548.603904
636,832,95.9385,5,27,8,6,7046,5,False,3.070032,614.0064
637,833,95.8434,5,27,2,8,6952,5,False,3.0669888,613.39776
638,834,95.8195,5,27,8,2,7042,5,False,3.066224,613.2448
639,835,95.8344,5,27,6,8,7016,5,False,3.0667008,613.34016
640,836,100.1605,5,27,8,5,7045,5,False,3.205136,641.0272
641,837,100.0425,5,27,3,8,6968,5,False,3.20136,640.272
642,838,73.4205,4,27,8.5,3,7051,4,False,2.349456,587.364
643,839,73.3459,4,27,5.5,8.5,7008.5,4,False,2.3470688,586.7672
644,840,60.43869,4,27,9.5,5.5,7069.5,4,False,1.93403808,483.50952
645,841,60.38065,4,27,4,9.5,6985.5,4,False,1.9321808,483.0452
646,842,62.25581,4,27,10,4.25,7076.25,4,False,1.99218592,498.04648
647,843,62.27952,4,27,5.75,10,7014,4,False,1.99294464,498.23616
648,848,180.564,7,28,3,2,7218,3,False,5.778048,825.435428571429
649,849,41.0039,1,28,5,4,7252,1,False,1.3121248,1312.1248
650,850,180.5709,7,28,1,3,7187,3,False,5.7782688,825.466971428571
651,851,40.9091,1,28,1,5,7189,1,False,1.3090912,1309.0912
652,852,181.4455,7,28,4,1,7233,3,False,5.806256,829.465142857143
653,853,181.5421,7,28,3,4,7220,3,False,5.8093472,829.906742857143
654,858,98.583,5,28,7,0,7280,5,False,3.154656,630.9312
655,859,98.4423,5,28,7,7,7287,5,False,3.1501536,630.03072
656,860,84.6266,5,28,8,7,7303,5,False,2.7080512,541.61024
657,861,84.53665,5,28,1,8,7192,5,False,2.7051728,541.03456
658,862,84.57784,5,28,8,1,7297,5,False,2.70649088,541.298176
659,863,84.59405,5,28,7,8,7288,5,False,2.7070096,541.40192
660,864,92.4788,5,28,8,6,7302,5,False,2.9593216,591.86432
661,865,92.4637,5,28,2,8,7208,5,False,2.9588384,591.76768
662,866,92.4443,5,28,8,2,7298,5,False,2.9582176,591.64352
663,867,92.3933,5,28,6,8,7272,5,False,2.9565856,591.31712
664,868,96.6714,5,28,8,5,7301,5,False,3.0934848,618.69696
665,869,96.586,5,28,3,8,7224,5,False,3.090752,618.1504
666,870,70.6238,4,28,8.5,3,7307,4,False,2.2599616,564.9904
667,871,70.5751,4,28,5.5,8.5,7264.5,4,False,2.2584032,564.6008
668,872,59.90909,4,28,9.5,5.5,7325.5,4,False,1.91709088,479.27272
669,873,59.84713,4,28,4,9.5,7241.5,4,False,1.91510816,478.77704
670,874,61.90243,4,28,10,4.25,7332.25,4,False,1.98087776,495.21944
671,875,61.95143,4,28,5.75,10,7270,4,False,1.98244576,495.61144
672,880,174.446,7,29,3.66666666666667,1.33333333333333,7484,3,False,5.582272,797.467428571429
673,881,96.0729,5,29,7,0,7536,5,False,3.0743328,614.86656
674,882,95.8925,5,29,7,6,7542,5,False,3.06856,613.712
675,883,111.2986,6,29,7.5,1,7545,6,False,3.5615552,593.592533333333
676,884,111.27876,6,29,7.5,5.5,7549.5,6,False,3.56092032,593.48672
677,885,122.8621,6,29,7.5,2,7546,6,False,3.9315872,655.264533333333
678,886,92.3224,5,29,8,5,7557,5,False,2.9543168,590.86336
679,887,70.0552,4,29,8.5,3,7563,4,False,2.2417664,560.4416
680,888,50.9034,3,29,9,5,7573,3,False,1.6289088,542.9696
681,889,43.7143,3,29,9.66666666666667,4.33333333333333,7583,3,False,1.3988576,466.285866666667
682,890,188.6264,6,29,3,3,7475,3,False,6.0360448,1006.00746666667
683,891,188.5,6,29,0,3,7427,3,False,6.032,1005.33333333333
684,896,76.0664,4,29,6.5,6.5,7534.5,4,False,2.4341248,608.5312
685,897,76.0798,4,29,0,6.5,7430.5,4,False,2.4345536,608.6384
686,898,94.5606,5,29,6,7,7527,5,False,3.0259392,605.18784
687,899,94.5579,5,29,1,7,7447,5,False,3.0258528,605.17056
688,900,107.77009,6,29,5.5,7.5,7519.5,6,False,3.44864288,574.773813333333
689,901,107.76781,6,29,2,7.5,7463.5,6,False,3.44856992,574.761653333333
690,902,85.5117,5,29,5,8,7512,5,False,2.7363744,547.27488
691,903,64.3317,4,29,3,8.5,7480.5,4,False,2.0586144,514.6536
692,904,81.9806,5,29,4.6,9.2,7506.8,5,False,2.6233792,524.67584
693,905,179.7017,7,30,4,1,7745,3,False,5.7504544,821.493485714286
694,906,179.7316,6,30,4,4,7748,3,False,5.7514112,958.568533333333
695,909,150.5179,7,30,4.66666666666667,3.33333333333333,7758,3,False,4.8165728,688.081828571429
696,910,81.59172,5,30,8,1,7809,5,False,2.61093504,522.187008
697,911,81.63197,5,30,8,8,7816,5,False,2.61222304,522.444608
698,912,94.0026,5,30,8,2,7810,5,False,3.0080832,601.61664
699,913,93.9967,5,30,8,7,7815,5,False,3.0078944,601.57888
700,914,104.66792,6,30,8.5,3,7819,6,False,3.34937344,558.228906666667
701,915,104.75259,6,30,8.5,6.5,7822.5,6,False,3.35208288,558.68048
702,916,85.8966,5,30,9,6,7830,5,False,2.7486912,549.73824
703,917,65.5028,4,30,9.5,4,7836,4,False,2.0960896,524.0224
704,918,49.8647,3,30,10,5,7845,3,False,1.5956704,531.890133333333
705,919,43.02746,3,30,10.6666666666667,6.33333333333333,7857,3,False,1.37687872,458.959573333333
706,924,167.5873,7,30,2.33333333333333,4.66666666666667,7722,3,False,5.3627936,766.113371428571
707,925,93.189,5,30,7,8,7800,5,False,2.982048,596.4096
708,926,93.1794,5,30,1,8,7704,5,False,2.9817408,596.34816
709,927,107.79359,6,30,6.5,8.5,7792.5,6,False,3.44939488,574.899146666667
710,928,107.83891,6,30,2,8.5,7720.5,6,False,3.45084512,575.140853333333
711,929,116.8811,6,30,5.5,8.5,7776.5,6,False,3.7401952,623.365866666667
712,930,88.015,5,30,3,9,7737,5,False,2.81648,563.296
713,931,68.838,4,30,5.5,9.5,7777.5,4,False,2.202816,550.704
714,932,50.3246,3,30,4,10,7754,3,False,1.6103872,536.795733333333
715,933,66.05845,5,30,5.6,11.2,7780.8,5,False,2.1138704,422.77408
716,934,162.0539,5,31,3,0,7984,3,False,5.1857248,1037.14496
717,935,92.548,5,31,7,0,8048,5,False,2.961536,592.3072
718,936,161.8737,5,31,3,2,7986,3,False,5.1799584,1035.99168
719,937,148.7713,6,31,4,1,8001,3,False,4.7606816,793.446933333333
720,938,118.8125,4,31,4.66666666666667,2.33333333333333,8013,3,False,3.802,950.5
721,939,92.5961,5,31,7,6,8054,5,False,2.9630752,592.61504
722,940,84.3924,5,31,8,1,8065,5,False,2.7005568,540.11136
723,941,84.3194,5,31,8,6,8070,5,False,2.6982208,539.64416
724,942,87.9125,5,31,8,2,8066,5,False,2.8132,562.64
725,943,88.0192,5,31,8,5,8069,5,False,2.8166144,563.32288
726,944,75.01994,5,31,9,3,8083,5,False,2.40063808,480.127616
727,945,57.09097,4,31,9.5,5.5,8093.5,4,False,1.82691104,456.72776
728,946,65.7054,5,31,10.2,4.6,8103.8,5,False,2.1025728,420.51456
729,947,171.1454,6,31,3,3,7987,3,False,5.4766528,912.775466666667
730,948,171.2256,6,31,0,3,7939,3,False,5.4792192,913.2032
731,949,177.3086,6,31,2,3,7971,3,False,5.6738752,945.645866666667
732,950,143.2857,4,31,1.33333333333333,3.66666666666667,7961,3,False,4.5851424,1146.2856
733,951,79.47566,5,31,0,7,7943,5,False,2.54322112,508.644224
734,952,79.38565,5,31,7,7,8055,5,False,2.5403408,508.06816
735,953,98.7012,6,31,1,7.5,7959.5,6,False,3.1584384,526.4064
736,954,98.69173,6,31,6.5,7.5,8047.5,6,False,3.15813536,526.355893333333
737,955,105.7606,6,31,2,7.5,7975.5,6,False,3.3843392,564.056533333333
738,956,105.6527,6,31,5.5,7.5,8031.5,6,False,3.3808864,563.481066666667
739,957,84.0987,5,31,3,8,7992,5,False,2.6911584,538.23168
740,958,64.5092,4,31,5.5,8.5,8032.5,4,False,2.0642944,516.0736
741,959,49.4919,3,31,5,9,8025,3,False,1.5837408,527.9136
742,960,42.7617,3,31,4.33333333333333,9.66666666666667,8015,3,False,1.3683744,456.1248
743,961,162.6195,6,32,4,1,8257,3,False,5.203824,867.304
744,962,162.7557,7,32,4,4,8260,3,False,5.2081824,744.026057142857
745,963,168.0879,6,32,4,2,8258,3,False,5.3788128,896.4688
746,964,135.855,4,32,4.66666666666667,3.33333333333333,8270,3,False,4.34736,1086.84
747,965,77.79948,5,32,8,1,8321,5,False,2.48958336,497.916672
748,966,77.79991,5,32,8,8,8328,5,False,2.48959712,497.919424
749,967,96.43854,6,32,8.5,2,8330,6,False,3.08603328,514.33888
750,968,96.35234,6,32,8.5,7.5,8335.5,6,False,3.08327488,513.879146666667
751,969,104.9403,6,32,8.5,3,8331,6,False,3.3580896,559.6816
752,970,105.051,6,32,8.5,6.5,8334.5,6,False,3.361632,560.272
753,971,84.6689,5,32,9,4,8340,5,False,2.7094048,541.88096
754,972,65.8061,4,32,9.5,6.5,8350.5,4,False,2.1057952,526.4488
755,973,49.0847,3,32,10,6,8358,3,False,1.5707104,523.570133333333
756,974,42.47607,3,32,10.6666666666667,5.33333333333333,8368,3,False,1.35923424,453.07808
757,975,153.3594,5,32,3,4,8244,3,False,4.9075008,981.50016
758,976,153.6065,5,32,1,4,8212,3,False,4.915408,983.0816
759,979,89.9805,5,32,7,8,8312,5,False,2.879376,575.8752
760,980,90.0313,5,32,1,8,8216,5,False,2.8810016,576.20032
761,981,107.2167,6,32,6.5,8.5,8304.5,6,False,3.4309344,571.8224
762,982,107.3433,6,32,2,8.5,8232.5,6,False,3.4349856,572.4976
763,983,111.6107,6,32,5.5,8.5,8288.5,6,False,3.5715424,595.257066666667
764,984,86.0599,5,32,3,9,8249,5,False,2.7539168,550.78336
765,985,74.06954,5,32,6,10,8298,5,False,2.37022528,474.045056
766,986,56.65971,4,32,4,10.5,8266.5,4,False,1.81311072,453.27768
767,987,73.3783,5,32,5.6,11.2,8292.8,5,False,2.3481056,469.62112
768,988,145.4572,5,33,3,0,8496,3,False,4.6546304,930.92608
769,989,145.244,5,33,3,2,8498,3,False,4.647808,929.5616
770,990,136.1441,4,33,4,1,8513,3,False,4.3566112,1089.1528
771,991,80.2726,3,33,4.66666666666667,2.33333333333333,8525,3,False,2.5687232,856.241066666667
772,992,87.6832,5,33,7,0,8560,5,False,2.8058624,561.17248
773,993,87.7203,5,33,7,6,8566,5,False,2.8070496,561.40992
774,994,81.5138,5,33,8,1,8577,5,False,2.6084416,521.68832
775,995,81.4892,5,33,8,6,8582,5,False,2.6076544,521.53088
776,996,84.5865,5,33,8,2,8578,5,False,2.706768,541.3536
777,997,84.6635,5,33,8,5,8581,5,False,2.709232,541.8464
778,998,73.16064,5,33,9,3,8595,5,False,2.34114048,468.228096
779,999,56.29768,4,33,9.5,5.5,8605.5,4,False,1.80152576,450.38144
780,1000,44.3221,3,33,10,5,8613,3,False,1.4183072,472.769066666667
781,1001,28.6771,2,33,10.5,4,8620,2,False,0.9176672,458.8336
782,1002,155.6285,7,33,3,3,8499,3,False,4.980112,711.444571428571
783,1003,159.0017,6,33,2,3,8483,3,False,5.0880544,848.009066666667
784,1004,155.5504,7,33,0,3,8451,3,False,4.9776128,711.087542857143
785,1005,128.1621,4,33,1.33333333333333,3.66666666666667,8473,3,False,4.1011872,1025.2968
786,1006,76.35104,5,33,7,7,8567,5,False,2.44323328,488.646656
787,1007,76.38503,5,33,0,7,8455,5,False,2.44432096,488.864192
788,1008,93.98985,6,33,6.5,7.5,8559.5,6,False,3.0076752,501.2792
789,1009,94.1201,6,33,1,7.5,8471.5,6,False,3.0118432,501.973866666667
790,1010,102.4959,6,33,5.5,7.5,8543.5,6,False,3.2798688,546.6448
791,1011,102.5005,6,33,2,7.5,8487.5,6,False,3.280016,546.669333333333
792,1012,83.2995,5,33,5,8,8536,5,False,2.665584,533.1168
793,1013,65.1073,4,33,3,8.5,8504.5,4,False,2.0834336,520.8584
794,1014,55.98889,4,33,5.5,9.5,8545.5,4,False,1.79164448,447.91112
795,1015,49.45336,4,33,4.25,10,8526,4,False,1.58250752,395.62688
796,1016,148.3524,5,34,4,1,8769,3,False,4.7472768,949.45536
797,1017,148.3002,5,34,4,4,8772,3,False,4.7456064,949.12128
798,1018,151.1829,6,34,4,2,8770,3,False,4.8378528,806.3088
799,1019,122.3521,4,34,4.66666666666667,3.33333333333333,8782,3,False,3.9152672,978.8168
800,1020,79.0464,5,34,8,1,8833,5,False,2.5294848,505.89696
801,1021,79.0925,5,34,8,8,8840,5,False,2.53096,506.192
802,1022,98.4748,6,34,8.5,2,8842,6,False,3.1511936,525.198933333333
803,1023,98.408,6,34,8.5,7.5,8847.5,6,False,3.149056,524.842666666667
804,1024,102.2541,6,34,8.5,3,8843,6,False,3.2721312,545.3552
805,1025,102.3508,6,34,8.5,6.5,8846.5,6,False,3.2752256,545.870933333333
806,1026,89.37556,6,34,9.5,4,8860,6,False,2.86001792,476.669653333333
807,1027,71.81466,5,34,10,7,8871,5,False,2.29806912,459.613824
808,1028,59.6974,4,34,10.5,5,8877,4,False,1.9103168,477.5792
809,1029,77.6923,6,34,11.3333333333333,6.66666666666667,8892,6,False,2.4861536,414.358933333333
810,1030,138.1946,5,34,3,4,8756,3,False,4.4222272,884.44544
811,1031,138.0778,4,34,2.33333333333333,4.66666666666667,8746,3,False,4.4184896,1104.6224
812,1032,138.4708,5,34,1,4,8724,3,False,4.4310656,886.21312
813,1033,52.8935,3,34,6,7,8807,3,False,1.692592,564.197333333333
814,1034,52.9326,3,34,1,7,8727,3,False,1.6938432,564.6144
815,1035,40.11649,3,34,1,10,8730,3,False,1.28372768,427.909226666667
816,1036,55.8093,3,34,5,7,8791,3,False,1.7858976,595.2992
817,1037,55.775,3,34,2,7,8743,3,False,1.7848,594.933333333333
818,1038,57.1801,3,34,4,7,8775,3,False,1.8297632,609.921066666667
819,1039,94.4503,6,34,3,9.5,8761.5,6,False,3.0224096,503.734933333333
820,1040,55.3501,4,34,2,10.5,8746.5,4,False,1.7712032,442.8008
821,1041,40.09409,3,34,9,10,8858,3,False,1.28301088,427.670293333333
822,1042,55.3518,4,34,8.5,10.5,8850.5,4,False,1.7712576,442.8144
823,1043,78.387,5,34,4,10,8778,5,False,2.508384,501.6768
824,1044,59.7586,4,34,7.5,10.5,8834.5,4,False,1.9122752,478.0688
825,1045,63.9926,4,34,5,10.5,8794.5,4,False,2.0477632,511.9408
826,1046,87.88855,6,34,6.66666666666667,11.3333333333333,8822,6,False,2.8124336,468.738933333333
827,1047,132.2247,5,35,3,0,9008,3,False,4.2311904,846.23808
828,1048,131.7654,5,35,3,2,9010,3,False,4.2164928,843.29856
829,1049,123.9894,4,35,4,1,9025,3,False,3.9676608,991.9152
830,1050,70.6843,3,35,4.66666666666667,2.33333333333333,9037,3,False,2.2618976,753.965866666667
831,1051,99.5208,6,35,7.5,0,9080,6,False,3.1846656,530.7776
832,1052,99.5389,6,35,7.5,6.5,9086.5,6,False,3.1852448,530.874133333333
833,1053,94.5749,6,35,8.5,1,9097,6,False,3.0263968,504.399466666667
834,1054,94.5233,6,35,8.5,6.5,9102.5,6,False,3.0247456,504.124266666667
835,1055,97.3963,6,35,8.5,2,9098,6,False,3.1166816,519.446933333333
836,1056,97.4481,6,35,8.5,5.5,9101.5,6,False,3.1183392,519.7232
837,1057,87.00726,6,35,9.5,3,9115,6,False,2.78423232,464.03872
838,1058,61.6407,4,35,9.5,5.5,9117.5,4,False,1.9725024,493.1256
839,1059,61.1178,4,35,10.5,4,9132,4,False,1.9557696,488.9424
840,1060,58.8691,4,35,11,5.75,9141.75,4,False,1.8838112,470.9528
841,1061,142.0412,4,35,3,3,9011,3,False,4.5453184,1136.3296
842,1062,142.0273,4,35,0,3,8963,3,False,4.5448736,1136.2184
843,1063,144.2953,5,35,2,3,8995,3,False,4.6174496,923.48992
844,1064,119.2185,5,35,1.33333333333333,3.66666666666667,8985,3,False,3.814992,762.9984
845,1065,89.2652,6,35,7.5,7.5,9087.5,6,False,2.8564864,476.081066666667
846,1066,89.08778,6,35,0,7.5,8967.5,6,False,2.85080896,475.134826666667
847,1067,51.14,3,35,5,6,9046,3,False,1.63648,545.493333333334
848,1068,54.99788,4,35,8.5,9.5,9105.5,4,False,1.75993216,439.98304
849,1069,51.1651,3,35,1,6,8982,3,False,1.6372832,545.761066666667
850,1070,54.99298,4,35,1,9.5,8985.5,4,False,1.75977536,439.94384
851,1071,67.7907,4,35,4.5,6.5,9038.5,4,False,2.1693024,542.3256
852,1072,43.7312,3,35,8,10,9098,3,False,1.3993984,466.466133333333
853,1073,67.8052,4,35,2,6.5,8998.5,4,False,2.1697664,542.4416
854,1074,43.7532,3,35,2,10,9002,3,False,1.4001024,466.7008
855,1075,94.3646,6,35,5.5,8.5,9056.5,6,False,3.0196672,503.277866666667
856,1076,77.3915,5,35,3,9,9017,5,False,2.476528,495.3056
857,1077,63.4393,4,35,5.5,9.5,9057.5,4,False,2.0300576,507.5144
858,1078,47.8079,3,35,4,10,9034,3,False,1.5298528,509.950933333333
859,1079,59.92429,5,35,5.6,11.2,9060.8,5,False,1.91757728,383.515456
860,1080,136.477,4,36,4,1,9281,3,False,4.367264,1091.816
861,1081,136.3683,4,36,4,4,9284,3,False,4.3637856,1090.9464
862,1082,139.0968,4,36,4,2,9282,3,False,4.4510976,1112.7744
863,1083,82.1375,3,36,4.66666666666667,3.33333333333333,9294,3,False,2.6284,876.133333333333
864,1084,92.1861,6,36,8.5,1,9353,6,False,2.9499552,491.6592
865,1085,47.5989,3,36,11.6666666666667,2.33333333333333,9405,3,False,1.5231648,507.7216
866,1086,80.677,5,36,8,2,9346,5,False,2.581664,516.3328
867,1087,92.122,6,36,8.5,8.5,9360.5,6,False,2.947904,491.317333333333
868,1088,47.5933,3,36,11.6666666666667,10.3333333333333,9413,3,False,1.5229856,507.661866666667
869,1089,80.671,5,36,8,7,9351,5,False,2.581472,516.2944
870,1090,96.9301,6,36,8.5,3,9355,6,False,3.1017632,516.960533333334
871,1091,96.9862,6,36,8.5,6.5,9358.5,6,False,3.1035584,517.259733333333
872,1092,37.61389,3,36,12.6666666666667,4.33333333333333,9423,3,False,1.20364448,401.214826666667
873,1093,37.60311,3,36,12.6666666666667,9.33333333333333,9428,3,False,1.20329952,401.09984
874,1094,78.4778,5,36,9,6,9366,5,False,2.5112896,502.25792
875,1095,61.8822,4,36,9.5,4,9372,4,False,1.9802304,495.0576
876,1096,61.1933,4,36,10.5,6.5,9390.5,4,False,1.9581856,489.5464
877,1097,76.0328,5,36,12.2,6.6,9417.8,5,False,2.4330496,486.60992
878,1098,45.6681,3,36,11,5,9397,3,False,1.4613792,487.1264
879,1099,157.8368,7,36,3.5,4.5,9276.5,4,False,5.0507776,721.539657142857
880,1100,158.2327,7,36,1,4.5,9236.5,4,False,5.0634464,723.349485714286
881,1101,118.5527,4,36,3,5,9269,3,False,3.7936864,948.4216
882,1102,66.2738,3,36,2.33333333333333,5.66666666666667,9259,3,False,2.1207616,706.920533333333
883,1103,87.06269,6,36,8.5,9.5,9361.5,6,False,2.78600608,464.334346666667
884,1104,87.06454,6,36,1,9.5,9241.5,6,False,2.78606528,464.344213333333
885,1105,95.7422,6,36,7.5,9.5,9345.5,6,False,3.0637504,510.625066666667
886,1106,95.7705,6,36,2,9.5,9257.5,6,False,3.064656,510.776
887,1107,48.7869,3,36,5,8,9304,3,False,1.5611808,520.3936
888,1108,54.90549,4,36,8.5,11.5,9363.5,4,False,1.75697568,439.24392
889,1109,48.6225,3,36,3,8,9272,3,False,1.55592,518.64
890,1110,54.92275,4,36,3,11.5,9275.5,4,False,1.757528,439.382
891,1111,92.6247,6,36,6.5,10.5,9330.5,6,False,2.9639904,493.9984
892,1112,76.6092,5,36,4,11,9291,5,False,2.4514944,490.29888
893,1113,56.98538,4,36,6.25,11.5,9327.5,4,False,1.82353216,455.88304
894,1114,17.2101,1,36,8,13,9357,1,False,0.5507232,550.7232
895,1115,73.98245,5,36,5.4,12.2,9314.6,5,False,2.3674384,473.48768
896,1116,103.2344,4,37,3,3,9523,3,False,3.3035008,825.8752
897,1117,72.4962,3,37,3,4,9524,3,False,2.3198784,773.2928
898,1118,72.3209,3,37,1,4,9492,3,False,2.3142688,771.422933333333
899,1119,103.1788,4,37,0,3,9475,3,False,3.3017216,825.4304
900,1120,58.7415,3,37,2.33333333333333,4.66666666666667,9514,3,False,1.879728,626.576
901,1121,76.2167,4,37,4,3,9539,3,False,2.4389344,609.7336
902,1122,76.1951,4,37,4,0,9536,3,False,2.4382432,609.5608
903,1123,75.6387,3,37,4,2,9538,3,False,2.4204384,806.8128
904,1124,60.1975,3,37,5,1,9553,3,False,1.92632,642.106666666667
905,1125,52.532,3,37,5.66666666666667,2.33333333333333,9565,3,False,1.681024,560.341333333333
906,1126,56.16231,4,37,7.5,0,9592,4,False,1.79719392,449.29848
907,1127,56.13824,4,37,7.5,6.5,9598.5,4,False,1.79642368,449.10592
908,1128,63.1898,4,37,6.5,6.5,9582.5,4,False,2.0220736,505.5184
909,1129,63.1881,4,37,0,6.5,9478.5,4,False,2.0220192,505.5048
910,1130,64.8164,4,37,7.5,5.5,9597.5,4,False,2.0741248,518.5312
911,1131,48.3901,3,37,8,1,9601,3,False,1.5484832,516.161066666667
912,1132,46.5985,3,37,8,5,9605,3,False,1.491152,497.050666666667
913,1133,46.6002,3,37,8,2,9602,3,False,1.4912064,497.0688
914,1134,55.84436,4,37,8.5,4.5,9612.5,4,False,1.78701952,446.75488
915,1135,39.95224,3,37,9,3,9619,3,False,1.27847168,426.157226666667
916,1136,33.62777,3,37,9.66666666666667,4.33333333333333,9631,3,False,1.07608864,358.696213333333
917,1137,56.01799,4,37,6.5,7.5,9583.5,4,False,1.79257568,448.14392
918,1138,56.07278,4,37,1,7.5,9495.5,4,False,1.79432896,448.58224
919,1139,60.5216,4,37,5.5,7.5,9567.5,4,False,1.9366912,484.1728
920,1140,60.5126,4,37,2,7.5,9511.5,4,False,1.9364032,484.1008
921,1141,64.7287,4,37,4.5,7.5,9551.5,4,False,2.0713184,517.8296
922,1142,48.4387,3,37,4,8,9544,3,False,1.5500384,516.679466666667
923,1143,47.9342,3,37,3.33333333333333,8.66666666666667,9534,3,False,1.5338944,511.298133333333
924,1144,70.0128,3,38,4,1,9793,3,False,2.2404096,746.8032
925,1145,70.1286,3,38,4,4,9796,3,False,2.2441152,748.0384
926,1146,68.6663,3,38,5,2,9810,3,False,2.1973216,732.440533333333
927,1147,68.775,3,38,5,4,9812,3,False,2.2008,733.6
928,1148,62.641,4,38,7.5,7.5,9855.5,4,False,2.004512,501.128
929,1149,62.6294,4,38,7.5,1,9849,4,False,2.0041408,501.0352
930,1150,55.73618,4,38,8.5,7.5,9871.5,4,False,1.78355776,445.88944
931,1151,55.73383,4,38,8.5,2,9866,4,False,1.78348256,445.87064
932,1152,99.2019,6,38,7.5,5.5,9853.5,6,False,3.1744608,529.0768
933,1153,77.6778,5,38,8,3,9859,5,False,2.4856896,497.13792
934,1154,64.2868,4,38,8.5,4,9868,4,False,2.0571776,514.2944
935,1155,46.2173,3,38,9,6,9878,3,False,1.4789536,492.984533333333
936,1156,32.588,2,38,9.5,5.5,9885.5,2,False,1.042816,521.408
937,1157,17.2284,1,38,10,5,9893,1,False,0.5513088,551.3088
938,1158,72.3097,3,38,4,5,9797,3,False,2.3139104,771.303466666667
939,1159,75.9664,3,38,3,5,9781,3,False,2.4309248,810.308266666667
940,1160,60.0394,3,38,2.33333333333333,5.66666666666667,9771,3,False,1.9212608,640.420266666667
941,1161,72.2715,3,38,1,5,9749,3,False,2.312688,770.896
942,1162,55.8279,4,38,7.5,8.5,9856.5,4,False,1.7864928,446.6232
943,1163,62.3709,4,38,6.5,8.5,9840.5,4,False,1.9958688,498.9672
944,1164,55.82515,4,38,1,8.5,9752.5,4,False,1.7864048,446.6012
945,1165,64.7525,4,38,5.5,8.5,9824.5,4,False,2.07208,518.02
946,1166,62.3605,4,38,2,8.5,9768.5,4,False,1.995536,498.884
947,1167,71.88767,5,38,5,9,9817,5,False,2.30040544,460.081088
948,1168,48.343,3,38,3,9,9785,3,False,1.546976,515.658666666667
949,1169,73.33174,6,38,4.66666666666667,10.3333333333333,9813,6,False,2.34661568,391.102613333333
950,1170,69.1832,3,39,4,3,10051,3,False,2.2138624,737.954133333333
951,1171,55.54766,4,39,7.5,6.5,10110.5,4,False,1.77752512,444.38128
952,1172,69.122,3,39,4,0,10048,3,False,2.211904,737.301333333333
953,1173,55.55438,4,39,7.5,0,10104,4,False,1.77774016,444.43504
954,1174,71.9399,3,39,4,2,10050,3,False,2.3020768,767.358933333333
955,1175,57.8488,3,39,4.66666666666667,1.33333333333333,10060,3,False,1.8511616,617.053866666667
956,1176,61.9728,4,39,7.5,1,10105,4,False,1.9831296,495.7824
957,1177,61.9567,4,39,7.5,5.5,10109.5,4,False,1.9826144,495.6536
958,1178,64.2833,4,39,7.5,2,10106,4,False,2.0570656,514.2664
959,1179,64.308,4,39,7.5,4.5,10108.5,4,False,2.057856,514.464
960,1180,55.3226,4,39,8.5,3,10123,4,False,1.7703232,442.5808
961,1181,39.66483,3,39,9,5,10133,3,False,1.26927456,423.09152
962,1182,33.4505,3,39,9.66666666666667,4.33333333333333,10143,3,False,1.070416,356.805333333333
963,1183,70.2985,3,39,3,3,10035,3,False,2.249552,749.850666666667
964,1184,70.4303,3,39,0,3,9987,3,False,2.2537696,751.256533333333
965,1185,65.3232,3,39,3,4,10036,3,False,2.0903424,696.7808
966,1186,65.4995,3,39,1,4,10004,3,False,2.095984,698.661333333333
967,1187,54.5275,3,39,2.33333333333333,4.66666666666667,10026,3,False,1.74488,581.626666666667
968,1188,62.2279,4,39,6.5,6.5,10094.5,4,False,1.9912928,497.8232
969,1189,62.242,4,39,0,6.5,9990.5,4,False,1.991744,497.936
970,1190,55.45656,4,39,6.5,7.5,10095.5,4,False,1.77460992,443.65248
971,1191,55.47676,4,39,1,7.5,10007.5,4,False,1.77525632,443.81408
972,1192,59.7872,4,39,5.5,7.5,10079.5,4,False,1.9131904,478.2976
973,1193,59.7784,4,39,2,7.5,10023.5,4,False,1.9129088,478.2272
974,1194,63.9158,4,39,4.5,7.5,10063.5,4,False,2.0453056,511.3264
975,1195,95.6965,6,39,3.66666666666667,8.33333333333333,10051,6,False,3.062288,510.381333333333
976,1196,67.0597,3,40,4,1,10305,3,False,2.1459104,715.303466666667
977,1197,66.9826,3,40,4,4,10308,3,False,2.1434432,714.481066666667
978,1198,61.8672,4,40,7.5,7.5,10367.5,4,False,1.9797504,494.9376
979,1199,61.8595,4,40,7.5,1,10361,4,False,1.979504,494.876
980,1200,62.6494,3,40,5,4,10324,3,False,2.0047808,668.260266666667
981,1201,62.6966,3,40,5,2,10322,3,False,2.0062912,668.763733333333
982,1202,52.8885,3,40,5.66666666666667,3.33333333333333,10334,3,False,1.692432,564.144
983,1203,55.25204,4,40,8.5,7.5,10383.5,4,False,1.76806528,442.01632
984,1204,55.24181,4,40,8.5,2,10378,4,False,1.76773792,441.93448
985,1205,59.5107,4,40,8.5,6.5,10382.5,4,False,1.9043424,476.0856
986,1206,59.5171,4,40,8.5,3,10379,4,False,1.9045472,476.1368
987,1207,63.634,4,40,8.5,5.5,10381.5,4,False,2.036288,509.072
988,1208,45.8439,3,40,9,4,10388,3,False,1.4670048,489.0016
989,1209,49.6001,3,40,9.66666666666667,5.33333333333333,10400,3,False,1.5872032,529.067733333333
990,1210,66.1795,3,40,4,5,10309,3,False,2.117744,705.914666666667
991,1211,55.32687,4,40,7.5,8.5,10368.5,4,False,1.77045984,442.61496
992,1212,66.2537,3,40,1,5,10261,3,False,2.1201184,706.706133333333
993,1213,55.35422,4,40,1,8.5,10264.5,4,False,1.77133504,442.83376
994,1214,68.9031,3,40,3,5,10293,3,False,2.2048992,734.9664
995,1215,55.8309,3,40,2.33333333333333,5.66666666666667,10283,3,False,1.7865888,595.5296
996,1216,61.7012,4,40,6.5,8.5,10352.5,4,False,1.9744384,493.6096
997,1217,63.9461,4,40,5.5,8.5,10336.5,4,False,2.0462752,511.5688
998,1218,61.6744,4,40,2,8.5,10280.5,4,False,1.9735808,493.3952
999,1219,63.9391,4,40,3,8.5,10296.5,4,False,2.0460512,511.5128
1000,1220,55.11864,4,40,5.5,9.5,10337.5,4,False,1.76379648,440.94912
1001,1221,72.94156,6,40,4.66666666666667,10.3333333333333,10325,6,False,2.33412992,389.021653333333
1002,1222,88.80134,6,41,5.5,0,10584,6,False,2.84164288,473.607146666667
1003,1223,82.5246,5,41,6,1,10593,5,False,2.6407872,528.15744
1004,1224,88.72599,6,41,5.5,4.5,10588.5,6,False,2.83923168,473.20528
1005,1225,82.4779,5,41,6,4,10596,5,False,2.6392928,527.85856
1006,1226,65.0313,4,41,6.5,2,10602,4,False,2.0810016,520.2504
1007,1227,48.3506,3,41,7,4,10612,3,False,1.5472192,515.739733333333
1008,1228,39.73129,3,41,8,3,10627,3,False,1.27140128,423.800426666667
1009,1229,33.42487,3,41,8.66666666666667,4.33333333333333,10639,3,False,1.06959584,356.531946666667
1010,1230,84.9166,5,41,5,5,10581,5,False,2.7173312,543.46624
1011,1231,84.9505,5,41,0,5,10501,5,False,2.718416,543.6832
1012,1232,93.43852,6,41,1,5.5,10517.5,6,False,2.99003264,498.338773333333
1013,1233,93.277,6,41,4.5,5.5,10573.5,6,False,2.984864,497.477333333333
1014,1234,78.6681,5,41,4,6,10566,5,False,2.5173792,503.47584
1015,1235,60.2745,4,41,2,6.5,10534.5,4,False,1.928784,482.196
1016,1236,95.888,6,41,3.66666666666667,7.33333333333333,10562,6,False,3.068416,511.402666666667
1017,1237,83.0432,5,42,6,1,10849,5,False,2.6573824,531.47648
1018,1238,83.0237,5,42,6,6,10854,5,False,2.6567584,531.35168
1019,1239,91.39433,6,42,6.5,2,10858,6,False,2.92461856,487.436426666667
1020,1240,91.34956,6,42,6.5,5.5,10861.5,6,False,2.92318592,487.197653333333
1021,1241,77.4395,5,42,7,3,10867,5,False,2.478064,495.6128
1022,1242,59.7102,4,42,7.5,5.5,10877.5,4,False,1.9107264,477.6816
1023,1243,45.8777,3,42,8,4,10884,3,False,1.4680864,489.362133333333
1024,1244,49.5474,3,42,8.66666666666667,5.33333333333333,10896,3,False,1.5855168,528.5056
1025,1245,86.96582,6,42,5.5,6.5,10846.5,6,False,2.78290624,463.817706666667
1026,1246,87.11141,6,42,1,6.5,10774.5,6,False,2.78756512,464.594186666667
1027,1247,80.7346,5,42,5,7,10839,5,False,2.5835072,516.70144
1028,1248,80.7863,5,42,2,7,10791,5,False,2.5851616,517.03232
1029,1249,64.255,4,42,4.5,7.5,10831.5,4,False,2.05616,514.04
1030,1250,48.0498,3,42,3,8,10808,3,False,1.5375936,512.5312
1031,1251,72.8963,6,42,4.66666666666667,9.33333333333333,10836,6,False,2.3326816,388.780266666667
1032,1252,70.43782,5,43,5,0,11088,5,False,2.25401024,450.802048
1033,1253,70.40759,5,43,5,4,11092,5,False,2.25304288,450.608576
1034,1254,64.414,4,43,5.5,1,11097,4,False,2.061248,515.312
1035,1255,66.4616,4,43,5.5,3.5,11099.5,4,False,2.1267712,531.6928
1036,1256,48.584,3,43,6,2,11106,3,False,1.554688,518.229333333333
1037,1257,49.9243,3,43,6.66666666666667,3.33333333333333,11118,3,False,1.5975776,532.525866666667
1038,1258,66.4863,4,43,4.5,4.5,11084.5,4,False,2.1275616,531.8904
1039,1259,66.4743,4,43,0,4.5,11012.5,4,False,2.1271776,531.7944
1040,1260,74.65511,5,43,4,5,11077,5,False,2.38896352,477.792704
1041,1261,74.47274,5,43,1,5,11029,5,False,2.38312768,476.625536
1042,1262,61.3585,4,43,3.5,5.5,11069.5,4,False,1.963472,490.868
1043,1263,85.9288,6,43,2.66666666666667,6.33333333333333,11057,6,False,2.7497216,458.286933333333
1044,1264,65.7261,4,44,5.5,1,11353,4,False,2.1032352,525.8088
1045,1265,65.7271,4,44,5.5,5.5,11357.5,4,False,2.1032672,525.8168
1046,1266,73.66326,5,44,6,2,11362,5,False,2.35722432,471.444864
1047,1267,73.68408,5,44,6,5,11365,5,False,2.35789056,471.578112
1048,1268,60.7416,4,44,6.5,3,11371,4,False,1.9437312,485.9328
1049,1269,43.9495,3,44,7,5,11381,3,False,1.406384,468.794666666667
1050,1270,41.59,3,44,7.66666666666667,4.33333333333333,11391,3,False,1.33088,443.626666666667
1051,1271,69.39323,5,44,5,6,11350,5,False,2.22058336,444.116672
1052,1272,69.49162,5,44,1,6,11286,5,False,2.22373184,444.746368
1053,1273,63.7621,4,44,4.5,6.5,11342.5,4,False,2.0403872,510.0968
1054,1274,65.7755,4,44,2,6.5,11302.5,4,False,2.104816,526.204
1055,1275,48.2792,3,44,4,7,11335,3,False,1.5449344,514.978133333333
1056,1276,49.7167,3,44,3.33333333333333,7.66666666666667,11325,3,False,1.5909344,530.311466666667
1057,1277,68.91755,5,45,5,0,11600,5,False,2.2053616,441.07232
1058,1278,68.86568,5,45,5,4,11604,5,False,2.20370176,440.740352
1059,1279,65.2912,4,45,5.5,3.5,11611.5,4,False,2.0893184,522.3296
1060,1280,65.3102,4,45,5.5,1,11609,4,False,2.0899264,522.4816
1061,1281,95.6276,6,45,6.33333333333333,2.66666666666667,11624,6,False,3.0600832,510.013866666667
1062,1282,65.2248,4,45,0,4.5,11524.5,4,False,2.0871936,521.7984
1063,1283,65.1748,4,45,4.5,4.5,11596.5,4,False,2.0855936,521.3984
1064,1284,73.09441,5,45,1,5,11541,5,False,2.33902112,467.804224
1065,1285,73.1132,5,45,4,5,11589,5,False,2.3396224,467.92448
1066,1286,60.3015,4,45,3.5,5.5,11581.5,4,False,1.929648,482.412
1067,1287,85.1966,6,45,2.66666666666667,6.33333333333333,11569,6,False,2.7262912,454.381866666667
1068,1288,64.9287,4,46,5.5,1,11865,4,False,2.0777184,519.4296
1069,1289,64.9296,4,46,5.5,5.5,11869.5,4,False,2.0777472,519.4368
1070,1290,72.91685,5,46,6,2,11874,5,False,2.3333392,466.66784
1071,1291,72.86676,5,46,6,5,11877,5,False,2.33173632,466.347264
1072,1292,59.8457,4,46,6.5,4.5,11884.5,4,False,1.9150624,478.7656
1073,1293,85.0109,6,46,7.33333333333333,3.66666666666667,11897,6,False,2.7203488,453.391466666667
1074,1294,68.62754,5,46,5,6,11862,5,False,2.19608128,439.216256
1075,1295,64.9745,4,46,4.5,6.5,11854.5,4,False,2.079184,519.796
1076,1296,68.70327,5,46,1,6,11798,5,False,2.19850464,439.700928
1077,1297,62.9468,4,46,2,6.5,11814.5,4,False,2.0142976,503.5744
1078,1298,97.3247,6,46,3.66666666666667,7.33333333333333,11842,6,False,3.1143904,519.065066666667
1079,1299,53.32712,4,47,4.5,0,12104,4,False,1.70646784,426.61696
1080,1300,53.2381,4,47,4.5,3.5,12107.5,4,False,1.7036192,425.9048
1081,1301,47.6289,3,47,5,1,12113,3,False,1.5241248,508.0416
1082,1302,49.6185,3,47,5,3,12115,3,False,1.587792,529.264
1083,1303,49.8481,3,47,5.66666666666667,2.33333333333333,12125,3,False,1.5951392,531.713066666667
1084,1304,57.49647,4,47,3.5,4.5,12092.5,4,False,1.83988704,459.97176
1085,1305,49.5443,3,47,4,4,12100,3,False,1.5854176,528.472533333333
1086,1306,49.5367,3,47,0,4,12036,3,False,1.5851744,528.391466666667
1087,1307,57.52738,4,47,1,4.5,12052.5,4,False,1.84087616,460.21904
1088,1308,86.1518,6,47,2.66666666666667,5.33333333333333,12080,6,False,2.7568576,459.476266666667
1089,1309,49.3051,3,48,5,1,12369,3,False,1.5777632,525.921066666667
1090,1310,49.3043,3,48,5,5,12373,3,False,1.5777376,525.912533333333
1091,1311,57.31531,4,48,5.5,2,12378,4,False,1.83408992,458.52248
1092,1312,57.26198,4,48,5.5,4.5,12380.5,4,False,1.83238336,458.09584
1093,1313,85.9104,6,48,6.33333333333333,3.66666666666667,12393,6,False,2.7491328,458.1888
1094,1314,53.04692,4,48,4.5,5.5,12365.5,4,False,1.69750144,424.37536
1095,1315,53.09914,4,48,1,5.5,12309.5,4,False,1.69917248,424.79312
1096,1316,47.2042,3,48,2,6,12326,3,False,1.5105344,503.511466666667
1097,1317,49.2338,3,48,4,6,12358,3,False,1.5754816,525.160533333333
1098,1318,49.7246,3,48,3.33333333333333,6.66666666666667,12348,3,False,1.5911872,530.395733333333
1099,1319,52.8883,4,49,4.5,0,12616,4,False,1.6924256,423.1064
1100,1320,52.80943,4,49,4.5,3.5,12619.5,4,False,1.68990176,422.47544
1101,1321,46.9947,3,49,5,1,12625,3,False,1.5038304,501.2768
1102,1322,49.0056,3,49,5,3,12627,3,False,1.5681792,522.7264
1103,1323,49.6576,3,49,5.66666666666667,2.33333333333333,12637,3,False,1.5890432,529.681066666667
1104,1324,48.7994,3,49,4,4,12612,3,False,1.5615808,520.526933333333
1105,1325,48.8082,3,49,0,4,12548,3,False,1.5618624,520.6208
1106,1326,56.99653,4,49,1,4.5,12564.5,4,False,1.82388896,455.97224
1107,1327,56.99253,4,49,3.5,4.5,12604.5,4,False,1.82376096,455.94024
1108,1328,85.6841,6,49,2.66666666666667,5.33333333333333,12592,6,False,2.7418912,456.981866666667
1109,1329,48.3692,3,50,5,1,12881,3,False,1.5478144,515.938133333333
1110,1330,56.45791,4,50,5.5,2,12890,4,False,1.80665312,451.66328
1111,1331,56.42344,4,50,5.5,4.5,12892.5,4,False,1.80555008,451.38752
1112,1332,48.3818,3,50,5,5,12885,3,False,1.5482176,516.072533333333
1113,1333,52.35167,4,50,1,5.5,12821.5,4,False,1.67525344,418.81336
1114,1334,48.7141,3,50,2,6,12838,3,False,1.5588512,519.617066666667
1115,1335,52.30281,4,50,4.5,5.5,12877.5,4,False,1.67368992,418.42248
1116,1336,48.762,3,50,3,6,12854,3,False,1.560384,520.128
1117,1337,47.4938,3,50,4.33333333333333,6.66666666666667,12876,3,False,1.5198016,506.600533333333
1118,1338,44.0537,3,50,6,3,12899,3,False,1.4097184,469.906133333333
1119,1339,41.3924,3,50,6.66666666666667,4.33333333333333,12911,3,False,1.3245568,441.518933333333
1120,1340,12.9137,5,37,15,0,9712,1,False,0.4132384,82.64768
1121,1341,12.8978,5,37,15,1,9713,1,False,0.4127296,82.54592
1122,1342,12.9065,5,37,15,2,9714,1,False,0.413008,82.6016
1123,1343,12.9046,5,37,15,3,9715,1,False,0.4129472,82.58944
1124,1344,12.9048,5,37,15,4,9716,1,False,0.4129536,82.59072
1125,1345,12.9169,5,37,15,5,9717,1,False,0.4133408,82.66816
1126,1346,12.8947,5,37,15,6,9718,1,False,0.4126304,82.52608
1127,1347,12.8894,5,37,15,7,9719,1,False,0.4124608,82.49216
1128,1348,12.9106,5,37,15,8,9720,1,False,0.4131392,82.62784
1129,1349,12.9256,5,37,15,9,9721,1,False,0.4136192,82.72384
1130,1350,12.8867,5,37,15,10,9722,1,False,0.4123744,82.47488
1131,1351,12.9001,5,37,15,11,9723,1,False,0.4128032,82.56064
1132,1352,12.5923,5,38,15,0,9968,1,False,0.4029536,80.59072
1133,1353,12.5776,5,38,15,1,9969,1,False,0.4024832,80.49664
1134,1354,12.5755,5,38,15,2,9970,1,False,0.402416,80.4832
1135,1355,12.5839,5,38,15,3,9971,1,False,0.4026848,80.53696
1136,1356,12.5809,5,38,15,4,9972,1,False,0.4025888,80.51776
1137,1357,12.5762,5,38,15,5,9973,1,False,0.4024384,80.48768
1138,1358,12.5907,5,38,15,6,9974,1,False,0.4029024,80.58048
1139,1359,12.5811,5,38,15,7,9975,1,False,0.4025952,80.51904
1140,1360,12.5927,5,38,15,8,9976,1,False,0.4029664,80.59328
1141,1361,12.6002,5,38,15,9,9977,1,False,0.4032064,80.64128
1142,1362,12.5774,5,38,15,10,9978,1,False,0.4024768,80.49536
1143,1363,12.5873,5,38,15,11,9979,1,False,0.4027936,80.55872
1144,1364,12.4063,5,39,15,0,10224,1,False,0.3970016,79.40032
1145,1365,12.3828,5,39,15,1,10225,1,False,0.3962496,79.24992
1146,1366,12.3632,5,39,15,2,10226,1,False,0.3956224,79.12448
1147,1367,12.3806,5,39,15,3,10227,1,False,0.3961792,79.23584
1148,1368,12.3769,5,39,15,4,10228,1,False,0.3960608,79.21216
1149,1369,12.3748,5,39,15,5,10229,1,False,0.3959936,79.19872
1150,1370,12.3908,5,39,15,6,10230,1,False,0.3965056,79.30112
1151,1371,12.3953,5,39,15,7,10231,1,False,0.3966496,79.32992
1152,1372,12.3921,5,39,15,8,10232,1,False,0.3965472,79.30944
1153,1373,12.3994,5,39,15,9,10233,1,False,0.3967808,79.35616
1154,1374,12.4012,5,39,15,10,10234,1,False,0.3968384,79.36768
1155,1375,12.4002,5,39,15,11,10235,1,False,0.3968064,79.36128
1156,1376,12.2246,5,40,15,0,10480,1,False,0.3911872,78.23744
1157,1377,12.2107,5,40,15,1,10481,1,False,0.3907424,78.14848
1158,1378,12.189,5,40,15,2,10482,1,False,0.390048,78.0096
1159,1379,12.1976,5,40,15,3,10483,1,False,0.3903232,78.06464
1160,1380,12.1951,5,40,15,4,10484,1,False,0.3902432,78.04864
1161,1381,12.2151,5,40,15,5,10485,1,False,0.3908832,78.17664
1162,1382,12.1958,5,40,15,6,10486,1,False,0.3902656,78.05312
1163,1383,12.2254,5,40,15,7,10487,1,False,0.3912128,78.24256
1164,1384,12.1992,5,40,15,8,10488,1,False,0.3903744,78.07488
1165,1385,12.2131,5,40,15,9,10489,1,False,0.3908192,78.16384
1166,1386,12.2023,5,40,15,10,10490,1,False,0.3904736,78.09472
1167,1387,12.2093,5,40,15,11,10491,1,False,0.3906976,78.13952
1168,1388,20.3805,5,41,15,0,10736,1,False,0.652176,130.4352
1169,1389,20.3743,5,41,15,1,10737,1,False,0.6519776,130.39552
1170,1390,20.3816,5,41,15,2,10738,1,False,0.6522112,130.44224
1171,1391,20.3675,5,41,15,3,10739,1,False,0.65176,130.352
1172,1392,20.376,5,41,15,4,10740,1,False,0.652032,130.4064
1173,1393,20.3822,5,41,15,5,10741,1,False,0.6522304,130.44608
1174,1394,20.3861,5,41,15,6,10742,1,False,0.6523552,130.47104
1175,1395,20.3652,5,41,15,7,10743,1,False,0.6516864,130.33728
1176,1396,20.3621,5,41,15,8,10744,1,False,0.6515872,130.31744
1177,1397,20.3676,5,41,15,9,10745,1,False,0.6517632,130.35264
1178,1398,20.377,5,41,15,10,10746,1,False,0.652064,130.4128
1179,1399,20.3781,5,41,15,11,10747,1,False,0.6520992,130.41984
1180,1400,19.9139,5,42,15,0,10992,1,False,0.6372448,127.44896
1181,1401,19.9019,5,42,15,1,10993,1,False,0.6368608,127.37216
1182,1402,19.8778,5,42,15,2,10994,1,False,0.6360896,127.21792
1183,1403,19.9098,5,42,15,3,10995,1,False,0.6371136,127.42272
1184,1404,19.9125,5,42,15,4,10996,1,False,0.6372,127.44
1185,1405,19.8996,5,42,15,5,10997,1,False,0.6367872,127.35744
1186,1406,19.918,5,42,15,6,10998,1,False,0.637376,127.4752
1187,1407,19.9135,5,42,15,7,10999,1,False,0.637232,127.4464
1188,1408,19.8935,5,42,15,8,11000,1,False,0.636592,127.3184
1189,1409,19.8945,5,42,15,9,11001,1,False,0.636624,127.3248
1190,1410,19.9105,5,42,15,10,11002,1,False,0.637136,127.4272
1191,1411,19.9093,5,42,15,11,11003,1,False,0.6370976,127.41952
1192,1412,24.4118,5,43,15,0,11248,1,False,0.7811776,156.23552
1193,1413,24.3952,5,43,15,1,11249,1,False,0.7806464,156.12928
1194,1414,24.3881,5,43,15,2,11250,1,False,0.7804192,156.08384
1195,1415,24.427,5,43,15,3,11251,1,False,0.781664,156.3328
1196,1416,24.3991,5,43,15,4,11252,1,False,0.7807712,156.15424
1197,1417,24.4014,5,43,15,5,11253,1,False,0.7808448,156.16896
1198,1418,24.411,5,43,15,6,11254,1,False,0.781152,156.2304
1199,1419,24.42,5,43,15,7,11255,1,False,0.78144,156.288
1200,1420,24.409,5,43,15,8,11256,1,False,0.781088,156.2176
1201,1421,24.3981,5,43,15,9,11257,1,False,0.7807392,156.14784
1202,1422,24.417,5,43,15,10,11258,1,False,0.781344,156.2688
1203,1423,24.4139,5,43,15,11,11259,1,False,0.7812448,156.24896
1204,1424,23.952,5,44,15,0,11504,1,False,0.766464,153.2928
1205,1425,23.9386,5,44,15,1,11505,1,False,0.7660352,153.20704
1206,1426,23.9322,5,44,15,2,11506,1,False,0.7658304,153.16608
1207,1427,23.9436,5,44,15,3,11507,1,False,0.7661952,153.23904
1208,1428,23.9413,5,44,15,4,11508,1,False,0.7661216,153.22432
1209,1429,23.9338,5,44,15,5,11509,1,False,0.7658816,153.17632
1210,1430,23.9433,5,44,15,6,11510,1,False,0.7661856,153.23712
1211,1431,23.9427,5,44,15,7,11511,1,False,0.7661664,153.23328
1212,1432,23.9378,5,44,15,8,11512,1,False,0.7660096,153.20192
1213,1433,23.9282,5,44,15,9,11513,1,False,0.7657024,153.14048
1214,1434,23.942,5,44,15,10,11514,1,False,0.766144,153.2288
1215,1435,23.949,5,44,15,11,11515,1,False,0.766368,153.2736
1216,1436,23.649,5,45,15,0,11760,1,False,0.756768,151.3536
1217,1437,23.6596,5,45,15,1,11761,1,False,0.7571072,151.42144
1218,1438,23.6461,5,45,15,2,11762,1,False,0.7566752,151.33504
1219,1439,23.6555,5,45,15,3,11763,1,False,0.756976,151.3952
1220,1440,23.6595,5,45,15,4,11764,1,False,0.757104,151.4208
1221,1441,23.6399,5,45,15,5,11765,1,False,0.7564768,151.29536
1222,1442,23.648,5,45,15,6,11766,1,False,0.756736,151.3472
1223,1443,23.6526,5,45,15,7,11767,1,False,0.7568832,151.37664
1224,1444,23.6561,5,45,15,8,11768,1,False,0.7569952,151.39904
1225,1445,23.643,5,45,15,9,11769,1,False,0.756576,151.3152
1226,1446,23.6533,5,45,15,10,11770,1,False,0.7569056,151.38112
1227,1447,23.6367,5,45,15,11,11771,1,False,0.7563744,151.27488
1228,1448,23.4409,5,46,15,0,12016,1,False,0.7501088,150.02176
1229,1449,23.4429,5,46,15,1,12017,1,False,0.7501728,150.03456
1230,1450,23.4412,5,46,15,2,12018,1,False,0.7501184,150.02368
1231,1451,23.4424,5,46,15,3,12019,1,False,0.7501568,150.03136
1232,1452,23.4278,5,46,15,4,12020,1,False,0.7496896,149.93792
1233,1453,23.4337,5,46,15,5,12021,1,False,0.7498784,149.97568
1234,1454,23.4352,5,46,15,6,12022,1,False,0.7499264,149.98528
1235,1455,23.4361,5,46,15,7,12023,1,False,0.7499552,149.99104
1236,1456,23.4491,5,46,15,8,12024,1,False,0.7503712,150.07424
1237,1457,23.4272,5,46,15,9,12025,1,False,0.7496704,149.93408
1238,1458,23.4386,5,46,15,10,12026,1,False,0.7500352,150.00704
1239,1459,23.4302,5,46,15,11,12027,1,False,0.7497664,149.95328
1240,1460,27.9901,5,47,15,0,12272,1,False,0.8956832,179.13664
1241,1461,27.9792,5,47,15,1,12273,1,False,0.8953344,179.06688
1242,1462,27.986,5,47,15,2,12274,1,False,0.895552,179.1104
1243,1463,27.9914,5,47,15,3,12275,1,False,0.8957248,179.14496
1244,1464,27.9834,5,47,15,4,12276,1,False,0.8954688,179.09376
1245,1465,27.9684,5,47,15,5,12277,1,False,0.8949888,178.99776
1246,1466,27.9955,5,47,15,6,12278,1,False,0.895856,179.1712
1247,1467,27.9811,5,47,15,7,12279,1,False,0.8953952,179.07904
1248,1468,27.9858,5,47,15,8,12280,1,False,0.8955456,179.10912
1249,1469,27.9763,5,47,15,9,12281,1,False,0.8952416,179.04832
1250,1470,27.9728,5,47,15,10,12282,1,False,0.8951296,179.02592
1251,1471,27.9777,5,47,15,11,12283,1,False,0.8952864,179.05728
1252,1472,27.713,5,48,15,0,12528,1,False,0.886816,177.3632
1253,1473,27.7241,5,48,15,1,12529,1,False,0.8871712,177.43424
1254,1474,27.7125,5,48,15,2,12530,1,False,0.8868,177.36
1255,1475,27.7128,5,48,15,3,12531,1,False,0.8868096,177.36192
1256,1476,27.7117,5,48,15,4,12532,1,False,0.8867744,177.35488
1257,1477,27.7127,5,48,15,5,12533,1,False,0.8868064,177.36128
1258,1478,27.7235,5,48,15,6,12534,1,False,0.887152,177.4304
1259,1479,27.7183,5,48,15,7,12535,1,False,0.8869856,177.39712
1260,1480,27.716,5,48,15,8,12536,1,False,0.886912,177.3824
1261,1481,27.7197,5,48,15,9,12537,1,False,0.8870304,177.40608
1262,1482,27.7122,5,48,15,10,12538,1,False,0.8867904,177.35808
1263,1483,27.7104,5,48,15,11,12539,1,False,0.8867328,177.34656
1264,1484,27.6262,5,49,15,0,12784,1,False,0.8840384,176.80768
1265,1485,27.6251,5,49,15,1,12785,1,False,0.8840032,176.80064
1266,1486,27.6384,5,49,15,2,12786,1,False,0.8844288,176.88576
1267,1487,27.6267,5,49,15,3,12787,1,False,0.8840544,176.81088
1268,1488,27.6211,5,49,15,4,12788,1,False,0.8838752,176.77504
1269,1489,27.6185,5,49,15,5,12789,1,False,0.883792,176.7584
1270,1490,27.6198,5,49,15,6,12790,1,False,0.8838336,176.76672
1271,1491,27.6226,5,49,15,7,12791,1,False,0.8839232,176.78464
1272,1492,27.6181,5,49,15,8,12792,1,False,0.8837792,176.75584
1273,1493,27.6237,5,49,15,9,12793,1,False,0.8839584,176.79168
1274,1494,27.6198,5,49,15,10,12794,1,False,0.8838336,176.76672
1275,1495,27.6265,5,49,15,11,12795,1,False,0.884048,176.8096
1276,1496,27.4548,5,50,15,0,13040,1,False,0.8785536,175.71072
1277,1497,27.447,5,50,15,1,13041,1,False,0.878304,175.6608
1278,1498,27.4554,5,50,15,2,13042,1,False,0.8785728,175.71456
1279,1499,27.4566,5,50,15,3,13043,1,False,0.8786112,175.72224
1280,1500,27.4533,5,50,15,4,13044,1,False,0.8785056,175.70112
1281,1501,27.4513,5,50,15,5,13045,1,False,0.8784416,175.68832
1282,1502,27.4513,5,50,15,6,13046,1,False,0.8784416,175.68832
1283,1503,27.4491,5,50,15,7,13047,1,False,0.8783712,175.67424
1284,1504,27.4549,5,50,15,8,13048,1,False,0.8785568,175.71136
1285,1505,27.4438,5,50,15,9,13049,1,False,0.8782016,175.64032
1286,1506,27.4538,5,50,15,10,13050,1,False,0.8785216,175.70432
1287,1507,27.4481,5,50,15,11,13051,1,False,0.8783392,175.66784
0,0,355.5475,11,1,3,2,306,3,True,11.37752,1034.32
1,2,355.4363,11,1,1,3,275,3,True,11.3739616,1033.99650909091
2,4,380.1539,12,1,3,0,304,3,True,12.1649248,1013.74373333333
3,6,379.9456,12,1,3,3,307,3,True,12.1582592,1013.18826666667
4,8,326.8147,10,1,4,2,322,3,True,10.4580704,1045.80704
5,10,326.8152,10,1,2,4,292,3,True,10.4580864,1045.80864
6,30,407.2646,12,2,3,0,560,3,True,13.0324672,1086.03893333333
7,32,406.9392,12,2,3,3,563,3,True,13.0220544,1085.1712
8,34,381.242,11,2,3,2,562,3,True,12.199744,1109.06763636364
9,36,380.987,11,2,1,3,531,3,True,12.191584,1108.32581818182
10,38,340.5573,10,2,4,1,577,3,True,10.8978336,1089.78336
11,40,340.586,10,2,3,4,564,3,True,10.898752,1089.8752
12,60,467.6358,13,3,3,0,816,3,True,14.9643456,1151.10350769231
13,62,467.5174,13,3,3,3,819,3,True,14.9605568,1150.81206153846
14,64,436.306,13,3,3,2,818,3,True,13.961792,1073.984
15,66,436.026,13,3,1,3,787,3,True,13.952832,1073.29476923077
16,68,390.8583,11,3,4,1,833,3,True,12.5074656,1137.04232727273
17,70,390.4938,11,3,3,4,820,3,True,12.4958016,1135.98196363636
18,92,444.8959,13,4,3,0,1072,3,True,14.2366688,1095.12836923077
19,94,445.1685,13,4,3,3,1075,3,True,14.245392,1095.79938461538
20,96,414.855,12,4,3,2,1074,3,True,13.27536,1106.28
21,98,414.625,12,4,1,3,1043,3,True,13.268,1105.66666666667
22,100,366.3132,10,4,4,1,1089,3,True,11.7220224,1172.20224
23,102,365.7831,10,4,3,4,1076,3,True,11.7050592,1170.50592
24,124,483.2248,13,5,3,0,1328,3,True,15.4631936,1189.47643076923
25,126,483.2699,13,5,3,3,1331,3,True,15.4646368,1189.58744615385
26,128,450.135,13,5,3,2,1330,3,True,14.40432,1108.02461538462
27,130,449.991,13,5,1,3,1299,3,True,14.399712,1107.67015384615
28,132,399.4305,12,5,4,1,1345,3,True,12.781776,1065.148
29,134,398.9747,12,5,3,4,1332,3,True,12.7671904,1063.93253333333
30,156,441.2609,13,6,3,0,1584,3,True,14.1203488,1086.18067692308
31,158,441.2469,13,6,3,3,1587,3,True,14.1199008,1086.14621538462
32,160,410.867,12,6,3,2,1586,3,True,13.147744,1095.64533333333
33,162,410.888,12,6,1,3,1555,3,True,13.148416,1095.70133333333
34,164,358.1439,10,6,4,1,1601,3,True,11.4606048,1146.06048
35,166,357.8139,10,6,3,4,1588,3,True,11.4500448,1145.00448
36,168,270.6474,9,6,4.66666666666667,2.33333333333333,1613,3,True,8.6607168,962.301866666667
37,170,270.5839,9,6,2.33333333333333,4.66666666666667,1578,3,True,8.6586848,962.076088888889
38,188,430.42,13,7,3,2,1842,3,True,13.77344,1059.49538461538
39,190,430.406,13,7,1,3,1811,3,True,13.772992,1059.46092307692
40,192,461.9141,13,7,3,0,1840,3,True,14.7812512,1137.01932307692
41,194,461.594,13,7,3,3,1843,3,True,14.771008,1136.23138461538
42,196,375.1077,12,7,4,1,1857,3,True,12.0034464,1000.2872
43,198,374.7344,12,7,3,4,1844,3,True,11.9915008,999.291733333333
44,220,387.0361,11,8,3,2,2098,3,True,12.3851552,1125.9232
45,222,386.8781,11,8,1,3,2067,3,True,12.3800992,1125.46356363636
46,224,414.2447,12,8,3,0,2096,3,True,13.2558304,1104.65253333333
47,226,414.0981,12,8,3,3,2099,3,True,13.2511392,1104.2616
48,228,332.8837,10,8,4,1,2113,3,True,10.6522784,1065.22784
49,230,332.7356,10,8,3,4,2100,3,True,10.6475392,1064.75392
50,232,249.5975,8,8,4.66666666666667,2.33333333333333,2125,3,True,7.98712,998.39
51,234,249.5858,8,8,2.33333333333333,4.66666666666667,2090,3,True,7.9867456,998.3432
52,252,424.7591,12,9,3,0,2352,3,True,13.5922912,1132.69093333333
53,254,424.4047,12,9,3,3,2355,3,True,13.5809504,1131.74586666667
54,256,396.589,11,9,3,2,2354,3,True,12.690848,1153.71345454545
55,258,396.479,11,9,1,3,2323,3,True,12.687328,1153.39345454545
56,260,339.6211,10,9,4,1,2369,3,True,10.8678752,1086.78752
57,262,339.4114,10,9,3,4,2356,3,True,10.8611648,1086.11648
58,264,253.1532,8,9,4.66666666666667,2.33333333333333,2381,3,True,8.1009024,1012.6128
59,266,253.1713,8,9,2.33333333333333,4.66666666666667,2346,3,True,8.1014816,1012.6852
60,284,378.3944,12,10,3,0,2608,3,True,12.1086208,1009.05173333333
61,286,377.9358,12,10,3,3,2611,3,True,12.0939456,1007.8288
62,288,355.5097,11,10,3,2,2610,3,True,11.3763104,1034.21003636364
63,290,355.4081,11,10,1,3,2579,3,True,11.3730592,1033.91447272727
64,292,302.5807,10,10,4,1,2625,3,True,9.6825824,968.25824
65,294,302.3982,10,10,3,4,2612,3,True,9.6767424,967.67424
66,314,384.2873,12,11,3,0,2864,3,True,12.2971936,1024.76613333333
67,316,383.7639,12,11,3,3,2867,3,True,12.2804448,1023.3704
68,318,423.2723,14,11,3.5,2.5,2874.5,4,True,13.5447136,967.479542857143
69,320,422.974,14,11,1,3.5,2835.5,4,True,13.535168,966.797714285714
70,322,305.0529,11,11,4,1,2881,3,True,9.7616928,887.426618181818
71,324,304.9412,11,11,3,4,2868,3,True,9.7581184,887.101672727273
72,344,343.3547,11,12,3,0,3120,3,True,10.9873504,998.850036363637
73,346,342.803,11,12,3,3,3123,3,True,10.969696,997.245090909091
74,348,381.1565,14,12,3.5,2.5,3130.5,4,True,12.197008,871.214857142857
75,350,380.9151,14,12,1,3.5,3091.5,4,True,12.1892832,870.663085714286
76,352,272.5884,11,12,4,1,3137,3,True,8.7228288,792.984436363637
77,354,272.3783,11,12,3,4,3124,3,True,8.7161056,792.373236363637
78,374,347.669,12,13,3,0,3376,3,True,11.125408,927.117333333333
79,376,347.1774,12,13,3,3,3379,3,True,11.1096768,925.8064
80,378,384.6464,14,13,3.5,2.5,3386.5,4,True,12.3086848,879.191771428572
81,380,384.316,14,13,1,3.5,3347.5,4,True,12.298112,878.436571428571
82,382,273.6348,11,13,4,1,3393,3,True,8.7563136,796.028509090909
83,384,273.5334,11,13,3,4,3380,3,True,8.7530688,795.733527272727
84,404,315.3993,10,14,3,0,3632,3,True,10.0927776,1009.27776
85,406,314.8528,10,14,3,3,3635,3,True,10.0752896,1007.52896
86,434,319.2617,10,15,3,0,3888,3,True,10.2163744,1021.63744
87,436,318.7926,10,15,3,3,3891,3,True,10.2013632,1020.13632
88,466,294.3149,10,16,3,0,4144,3,True,9.4180768,941.80768
89,468,294.0432,10,16,3,3,4147,3,True,9.4093824,940.93824
90,496,298.4612,10,17,3,0,4400,3,True,9.5507584,955.07584
91,498,298.1227,10,17,3,3,4403,3,True,9.5399264,953.99264
92,812,201.0758,8,27,3,0,6960,3,True,6.4344256,804.3032
93,814,200.6861,8,27,3,3,6963,3,True,6.4219552,802.7444
94,816,230.5513,9,27,3.5,2.5,6970.5,4,True,7.3776416,819.737955555556
95,818,230.4247,9,27,1,3.5,6931.5,4,True,7.3735904,819.287822222222
96,822,154.5439,8,27,4.66666666666667,2.33333333333333,6989,3,True,4.9454048,618.1756
97,824,154.4959,8,27,2.33333333333333,4.66666666666667,6954,3,True,4.9438688,617.9836
98,844,193.053,8,28,3,0,7216,3,True,6.177696,772.212
99,846,192.646,8,28,3,3,7219,3,True,6.164672,770.584
100,854,150.7179,8,28,4.66666666666667,2.33333333333333,7245,3,True,4.8229728,602.8716
101,856,150.7394,8,28,2.33333333333333,4.66666666666667,7210,3,True,4.8236608,602.9576
102,876,178.1644,8,29,3,0,7472,3,True,5.7012608,712.6576
103,878,177.9172,8,29,3,2,7474,3,True,5.6933504,711.6688
104,892,195.2982,9,29,1,3,7443,3,True,6.2495424,694.3936
105,894,157.361,8,29,2.33333333333333,3.66666666666667,7465,3,True,5.035552,629.444
106,907,186.1277,8,30,4,2,7746,3,True,5.9560864,744.5108
107,920,170.0694,9,30,1,4,7700,3,True,5.4422208,604.6912
108,922,169.7657,9,30,3,4,7732,3,True,5.4325024,603.611377777778
109,977,153.937,8,32,2.33333333333333,4.66666666666667,8234,3,True,4.925984,615.748
